"group_number","probability","protein_name","n_indistinguishable_proteins","total_number_peptides","total_number_distinct_peptides","Spectral index","Normalized spectral index","number of quantified peptides","Normalized spectral abundance factor"
"1",1,"sp|O00762ups|UBE2C_HUMAN_UPS","1","3",3,"563.3132695231","-19.7214512965","3","-11.0394952075"
"2",1,"sp|O13547|CCW14_YEAST","1","10",10,"3534.0100202735","-17.4355908303","10","-9.6659659162"
"3",1,"sp|P00358|G3P2_YEAST","1","211",211,"11196.5377670508","-16.2521378480","39","-8.1827134602"
"4",1,"sp|P00359|G3P3_YEAST","1","525",525,"103708.4164524633","-13.0407294583","299","-5.2441140049"
"5",1,"sp|P00360|G3P1_YEAST","1","38",38,"4897.5692971354","-17.4450527231","25","-8.8242594893"
"6",1,"sp|P00445|SODC_YEAST","1","51",51,"13102.1009357068","-14.9171394753","43","-6.9335980337"
"7",1,"sp|P00447|SODM_YEAST","1","7",7,"1614.4677880283","-18.5352066857","6","-10.3722998917"
"8",1,"sp|P00560|PGK_YEAST","1","380",380,"103428.6535372765","-13.3700268053","355","-5.3218407515"
"9",1,"sp|P00812|ARGI_YEAST","1","12",12,"1072.0792882301","-19.6410459568","7","-10.6650996927"
"10",1,"sp|P00815|HIS2_YEAST","1","19",19,"2713.8306544190","-19.5638001924","18","-10.5652029392"
"11",1,"sp|P00817|IPYR_YEAST","1","38",38,"9355.1434380602","-16.3012263504","36","-8.0880581730"
"12",1,"sp|P00830|ATPB_YEAST","1","55",55,"10978.5006129234","-16.9026495516","48","-8.5052932280"
"13",1,"sp|P00899|TRPE_YEAST","1","17",17,"2385.1044780824","-19.0938686705","14","-10.2715632627"
"14",1,"sp|P00918ups|CAH2_HUMAN_UPS","1","5",5,"706.3733074728","-19.8803847528","4","-11.1098845354"
"15",1,"sp|P00924|ENO1_YEAST","1","470",470,"21836.5608767488","-15.6848949135","67","-7.7984765268"
"16",1,"sp|P00925|ENO2_YEAST","1","681",681,"51700.5551206441","-14.4414608010","207","-6.1710787597"
"17",1,"sp|P00931|TRP_YEAST","1","18",18,"3791.8465653222","-18.9047450147","15","-10.6517520569"
"18",1,"sp|P00942|TPIS_YEAST","1","263",263,"70151.1911348510","-13.1838798127","244","-5.1165352206"
"19",1,"sp|P00950|PMG1_YEAST","1","78",78,"15665.5432635901","-15.3409235326","68","-6.9539806381"
"20",1,"sp|P00958|SYMC_YEAST","1","5",5,"619.1400778872","-21.6064105398","4","-12.6457453452"
"21",1,"sp|P01008ups|ANT3_HUMAN_UPS","1","7",7,"1225.0322394379","-19.8241469822","6","-11.2630012492"
"22",1,"sp|P01344ups|IGF2_HUMAN_UPS","1","6",6,"983.1138259782","-17.4527380198","6","-8.5742029375"
"23",1,"sp|P01579ups|IFNG_HUMAN_UPS","1","3",3,"409.9154523656","-19.8085522537","2","-11.2529475845"
"24",1,"sp|P02293|H2B1_YEAST","2","23",23,"3043.7678770696","-16.7896438584","22","-7.6670676306"
"25",1,"sp|P02309|H4_YEAST","1","11",11,"1069.3647964001","-17.9518256357","8","-8.7795767749"
"26",1,"sp|P02400|RLA4_YEAST","1","24",24,"4700.0573061185","-15.9107605639","20","-7.5525078664"
"27",1,"sp|P02406|RL28_YEAST","1","23",23,"3019.5790748904","-16.9869002641","17","-8.2247819269"
"28",1,"sp|P02407|RS17A_YEAST","2","21",21,"4025.1503333438","-16.4404993720","18","-8.0106140875"
"29",1,"sp|P02557|TBB_YEAST","1","9",9,"1396.6793983823","-19.7161286581","8","-10.9291266028"
"30",1,"sp|P02768ups|ALBU_HUMAN_UPS","1","13",13,"1961.1244047353","-19.5802227000","12","-10.6979383059"
"31",1,"sp|P02788ups|TRFL_HUMAN_UPS","1","14",14,"1890.3723769493","-19.8759506447","11","-11.0661865295"
"32",1,"sp|P02829|HSP82_YEAST","1","9",9,"1484.0109986963","-20.2622192303","5","-12.2407899701"
"33",1,"sp|P02992|EFTU_YEAST","1","18",18,"3307.5125097510","-18.4078220539","12","-10.2796032165"
"34",1,"sp|P02994|EF1A_YEAST","1","412",412,"111295.9471153281","-13.4030257385","405","-5.2705019381"
"35",1,"sp|P03962|PYRF_YEAST","1","13",13,"2258.7147364384","-18.2472730516","9","-9.9838471780"
"36",1,"sp|P03965|CARB_YEAST","1","9",9,"1748.4439693058","-20.6827121062","8","-12.2197807206"
"37",1,"sp|P04037|COX4_YEAST","1","7",7,"1615.7326866422","-17.9460150703","7","-9.5618457310"
"38",1,"sp|P04040ups|CATA_HUMAN_UPS","1","2",2,"540.9979588849","-21.2873031307","2","-13.1319952370"
"39",1,"sp|P04076|ARLY_YEAST","1","13",13,"1517.0497856504","-19.6156791489","12","-10.3629821303"
"40",1,"sp|P04147|PABP_YEAST","1","46",46,"8422.9842305007","-17.4601752411","39","-8.9801015375"
"41",1,"sp|P04449|RL24A_YEAST","2","19",19,"3518.0434176594","-16.8234303150","19","-8.1212731396"
"42",1,"sp|P04456|RL25_YEAST","1","8",8,"1241.3205007332","-18.1999506592","6","-9.6578608665"
"43",1,"sp|P04801|SYTC_YEAST","1","21",21,"3279.3238107004","-19.1683170854","19","-10.3647849871"
"44",1,"sp|P04802|SYDC_YEAST","1","41",41,"9159.6107524851","-17.2883264241","39","-8.9292075462"
"45",1,"sp|P04806|HXKA_YEAST","1","51",51,"11000.0451437449","-16.8244825952","39","-8.7295149659"
"46",1,"sp|P04807|HXKB_YEAST","1","66",66,"14770.3616793942","-16.4022584527","58","-8.1599077562"
"47",1,"sp|P04840|VDAC1_YEAST","1","32",32,"6118.4607219731","-16.8935686940","27","-8.4828469884"
"48",1,"sp|P04911|H2A1_YEAST","2","5",5,"1501.1487676353","-17.8204063581","5","-9.8155422722"
"49",1,"sp|P05030|PMA1_YEAST","1","38",38,"1526.1576088998","-20.5945255815","5","-12.6134984963"
"50",1,"sp|P05317|RLA0_YEAST","1","15",15,"2991.2676915233","-18.0667243919","12","-9.7935159659"
"51",1,"sp|P05318|RLA1_YEAST","1","4",4,"1581.5470924238","-17.4286631376","4","-9.8209967023"
"52",1,"sp|P05319|RLA2_YEAST","1","8",8,"1994.5884606350","-17.0939085432","7","-9.0136417802"
"53",1,"sp|P05694|METE_YEAST","1","100",100,"18756.8174616799","-16.7158188089","83","-8.3011195839"
"54",1,"sp|P05739|RL6B_YEAST","1","17",17,"795.1401312255","-19.1522297754","5","-10.2305797715"
"55",1,"sp|P05740|RL17A_YEAST","1","23",23,"930.2468764358","-18.9899556074","5","-10.2947101089"
"56",1,"sp|P05749|RL22A_YEAST","1","4",4,"580.1903213698","-19.0663443007","3","-10.4269769843"
"57",1,"sp|P05750|RS3_YEAST","1","36",36,"7718.6636138536","-16.3206187079","34","-7.9125040021"
"58",1,"sp|P05756|RS13_YEAST","1","31",31,"6003.1390653456","-16.0147668478","31","-7.3772846767"
"59",1,"sp|P06101|CDC37_YEAST","1","5",5,"944.6711910930","-20.4271886050","5","-11.7541417275"
"60",1,"sp|P06103|EIF3B_YEAST","1","8",8,"1325.4262638521","-20.5311620320","6","-12.0836529938"
"61",1,"sp|P06105|SC160_YEAST","1","12",12,"1942.5039741610","-20.6591902171","10","-12.0261767227"
"62",1,"sp|P06106|CYSD_YEAST","1","41",41,"6791.5176389308","-17.3927610674","35","-8.7582090971"
"63",1,"sp|P06168|ILV5_YEAST","1","59",59,"13449.0465411653","-16.2383560479","53","-7.9908646362"
"64",1,"sp|P06367|RS14A_YEAST","2","19",19,"4548.5130092774","-16.2747163010","16","-8.1911083307"
"65",1,"sp|P06396ups|GELS_HUMAN_UPS","1","7",7,"1146.8278521755","-20.7247631839","5","-12.3314809871"
"66",1,"sp|P06732ups|KCRM_HUMAN_UPS","1","11",11,"1047.9703974489","-19.8681284201","6","-11.0817609345"
"67",1,"sp|P06738|PHSG_YEAST","1","36",36,"5587.8863250699","-18.6967601486","30","-10.0031692754"
"68",1,"sp|P06787|CALM_YEAST","1","10",10,"1798.8236268111","-17.7146978039","10","-8.9708204977"
"69",1,"sp|P07149|FAS1_YEAST","1","114",114,"23616.5454525222","-17.8024649314","97","-9.4952751820"
"70",1,"sp|P07170|KAD2_YEAST","1","17",17,"3003.0806851601","-17.5700518269","14","-9.0801371920"
"71",1,"sp|P07245|C1TC_YEAST","1","28",28,"4430.5728471178","-19.1002823280","23","-10.4552106650"
"72",1,"sp|P07251|ATPA_YEAST","1","31",31,"5303.2350203396","-18.0453189322","27","-9.4283011652"
"73",1,"sp|P07256|QCR1_YEAST","1","14",14,"2289.1517678780","-19.0033164376","13","-10.2286868847"
"74",1,"sp|P07257|QCR2_YEAST","1","24",24,"5513.0557858068","-17.4227889536","23","-9.0930762477"
"75",1,"sp|P07259|PYR1_YEAST","1","140",140,"21299.9523568360","-18.0617404059","109","-9.4373314297"
"76",1,"sp|P07260|IF4E_YEAST","1","12",12,"1867.5828137398","-18.1956166003","9","-9.6578608665"
"77",1,"sp|P07262|DHE4_YEAST","1","92",92,"10517.1997192311","-16.7939489622","43","-8.4933599803"
"78",1,"sp|P07264|LEUC_YEAST","1","8",8,"1001.2486362465","-20.9657584380","7","-11.8912008437"
"79",1,"sp|P07267|CARP_YEAST","1","37",37,"7182.6950757132","-17.1793320247","32","-8.7548543455"
"80",1,"sp|P07274|PROF_YEAST","1","9",9,"1500.6336748153","-17.7537872827","9","-8.9004311698"
"81",1,"sp|P07280|RS19A_YEAST","2","36",36,"6645.1825318092","-15.7996953705","34","-7.1755384079"
"82",1,"sp|P07283|PMM_YEAST","1","12",12,"1834.2752920598","-18.4755537063","10","-9.7598328396"
"83",1,"sp|P07284|SYSC_YEAST","1","36",36,"6728.5305714404","-17.4635367666","31","-8.9906289788"
"84",1,"sp|P07342|ILVB_YEAST","1","13",13,"2552.0977866077","-19.4345618776","11","-11.0578109179"
"85",1,"sp|P07806|SYV_YEAST","1","73",73,"9200.8755326683","-18.2688325033","54","-9.4467132023"
"86",1,"sp|P08417|FUMH_YEAST","1","24",24,"4586.8238959762","-18.0953210166","20","-9.7018854904"
"87",1,"sp|P08524|FPPS_YEAST","1","35",35,"6828.5262129807","-17.0499365780","32","-8.5525078664"
"88",1,"sp|P08566|ARO1_YEAST","1","5",5,"984.6857974676","-22.0173390398","5","-13.4041433500"
"89",1,"sp|P09232|PRTB_YEAST","1","17",17,"1905.8826410271","-19.7422326944","12","-10.8187265287"
"90",1,"sp|P09436|SYIC_YEAST","1","42",42,"7113.4510024791","-18.5976187527","33","-10.1147713188"
"91",1,"sp|P09624|DLDH_YEAST","1","11",11,"1739.6460617806","-19.5261813892","11","-10.5965406344"
"92",1,"sp|P09938|RIR2_YEAST","1","22",22,"3731.9190182601","-18.1024064533","18","-9.5633961825"
"93",1,"sp|P0C0T4|RS25B_YEAST","2","5",5,"874.6826043531","-18.3101351927","5","-9.5260356550"
"94",1,"sp|P0C0W1|RS22A_YEAST","2","8",8,"2026.6021786516","-17.3653840945","8","-9.1154440608"
"95",1,"sp|P0C0W9|RL11A_YEAST","2","19",19,"3126.9947297103","-17.1602459056","16","-8.5360197436"
"96",1,"sp|P0C0X0|RS28B_YEAST","2","5",5,"846.0917466698","-17.6692823712","5","-8.8372373433"
"97",1,"sp|P0C2H6|RL27A_YEAST","2","55",55,"14193.6550762227","-14.6223677913","49","-6.5658292449"
"98",1,"sp|P0CX08|DSF1_YEAST","2","15",15,"1721.2591263034","-19.5501584478","12","-10.4796573010"
"99",1,"sp|P0CX23|RL20A_YEAST","2","41",41,"8074.2174943938","-15.7750215031","41","-7.1617889978"
"100",1,"sp|P0CX25|RL43A_YEAST","2","14",14,"2021.4354823838","-16.8702609953","11","-8.1572065852"
"101",1,"sp|P0CX29|RS23A_YEAST","2","7",7,"843.5605316672","-18.7874247862","5","-9.9510572429"
"102",1,"sp|P0CX31|RS24A_YEAST","2","20",20,"5200.5396351068","-16.0602334620","20","-7.8479637499"
"103",1,"sp|P0CX35|RS4A_YEAST","2","89",89,"21405.8811989635","-14.9700498722","88","-6.6615506257"
"104",1,"sp|P0CX37|RS6A_YEAST","2","42",42,"7686.4993100057","-16.3023955509","38","-7.7277917837"
"105",1,"sp|P0CX39|RS8A_YEAST","2","32",32,"4866.2965599076","-16.7231111442","26","-8.0364927194"
"106",1,"sp|P0CX41|RL23A_YEAST","2","20",20,"2482.1014726919","-17.1485491839","14","-8.3837534086"
"107",1,"sp|P0CX43|RL1A_YEAST","2","11",11,"1717.3164209681","-18.3434745450","7","-10.0472725581"
"108",1,"sp|P0CX45|RL2A_YEAST","2","19",19,"4650.6964224465","-17.1333171143","19","-8.8338334211"
"109",1,"sp|P0CX47|RS11A_YEAST","2","10",10,"1591.5264843371","-17.9770702515","9","-9.2085534652"
"110",1,"sp|P0CX49|RL18A_YEAST","2","16",16,"2815.8728957027","-17.4076557943","14","-8.8248801368"
"111",1,"sp|P0CX51|RS16A_YEAST","2","21",21,"3837.3106630581","-16.5818549661","20","-7.9310194896"
"112",1,"sp|P0CX53|RL12A_YEAST","2","18",18,"5199.0033788994","-16.3501663189","18","-8.2894734605"
"113",1,"sp|P0CX55|RS18A_YEAST","2","21",21,"2708.1274734741","-17.1146081072","18","-8.1129758052"
"114",1,"sp|P0CX82|RL19A_YEAST","2","67",67,"13575.3993888967","-15.1613988840","67","-6.5892294815"
"115",1,"sp|P0CX84|RL35A_YEAST","2","26",26,"6529.5616799258","-15.5619836441","23","-7.4764048873"
"116",1,"sp|P10080|SSBP1_YEAST","1","6",6,"1541.8271733750","-18.9371104827","5","-10.9708204977"
"117",1,"sp|P10081|IF4A_YEAST","1","69",69,"12365.1791465241","-16.3595768041","55","-7.9374253773"
"118",1,"sp|P10591|HSP71_YEAST","1","146",146,"14363.9000906945","-16.8441330664","45","-8.9276526385"
"119",1,"sp|P10592|HSP72_YEAST","1","132",132,"8649.4441730536","-17.5691438926","26","-9.7123086505"
"120",1,"sp|P10636-8ups|TAU_HUMAN_UPS","1","10",10,"1649.0877322221","-19.4217707582","10","-10.5525078664"
"121",1,"sp|P10869|AK_YEAST","1","4",4,"688.3514720436","-20.9425210514","3","-12.5497728987"
"122",1,"sp|P10963|PCKA_YEAST","1","53",53,"13881.4263731757","-16.6676576233","51","-8.5213132448"
"123",1,"sp|P11412|G6PD_YEAST","1","21",21,"4888.8226381805","-18.0527317085","21","-9.6808984026"
"124",1,"sp|P11745|RNA1_YEAST","1","14",14,"2384.5722771998","-18.7772336698","14","-9.9546063099"
"125",1,"sp|P12695|ODP2_YEAST","1","5",5,"755.8053207551","-20.6788819536","5","-11.6840374891"
"126",1,"sp|P12709|G6PI_YEAST","1","95",95,"18588.3530450709","-16.2594943176","69","-8.0982939570"
"127",1,"sp|P13188|SYQ_YEAST","1","8",8,"761.9680450592","-21.4142726887","5","-12.4311440453"
"128",1,"sp|P13298|PYRE_YEAST","1","6",6,"594.6232009793","-19.9322104995","2","-11.9132552101"
"129",1,"sp|P13663|DHAS_YEAST","1","59",59,"10103.9506962905","-16.5369842520","48","-8.0198664008"
"130",1,"sp|P14020|DPM1_YEAST","1","19",19,"936.2391478128","-19.5178261331","6","-10.5688096787"
"131",1,"sp|P14120|RL30_YEAST","1","7",7,"1669.2436125923","-17.3371301955","7","-8.9999668433"
"132",1,"sp|P14126|RL3_YEAST","1","88",88,"12366.8281996776","-16.3298653283","59","-7.8066229545"
"133",1,"sp|P14306|CPYI_YEAST","1","10",10,"2458.1678638593","-17.8392828190","7","-10.0605083853"
"134",1,"sp|P14540|ALF_YEAST","1","261",261,"63152.3520462572","-13.8691546697","232","-5.7229352864"
"135",1,"sp|P14742|GFA1_YEAST","1","18",18,"3122.0954360837","-19.2053938680","14","-10.7715506344"
"136",1,"sp|P14832|CYPH_YEAST","1","33",33,"4709.6366911093","-16.4663134281","21","-8.0406088278"
"137",1,"sp|P14843|AROF_YEAST","1","3",3,"585.2447765829","-20.6663485998","2","-12.6244577083"
"138",1,"sp|P14904|AMPL_YEAST","1","4",4,"607.4008941887","-21.0869828092","4","-12.0987007969"
"139",1,"sp|P15019|TAL1_YEAST","1","23",23,"4824.8918476205","-17.4795998789","22","-9.0216619144"
"140",1,"sp|P15108|HSC82_YEAST","1","161",161,"8942.0754371559","-17.6629489280","37","-9.3451023294"
"141",1,"sp|P15180|SYKC_YEAST","1","25",25,"1405.0146756668","-20.0785083179","6","-11.7151280672"
"142",1,"sp|P15454|KGUA_YEAST","1","4",4,"1412.9696832776","-18.4102431459","4","-10.6399707076"
"143",1,"sp|P15496|IDI1_YEAST","1","7",7,"1044.4084907240","-19.4693181075","4","-11.2630012492"
"144",1,"sp|P15624|SYFB_YEAST","1","9",9,"1664.0632210501","-19.8441148104","8","-11.3098221059"
"145",1,"sp|P15625|SYFA_YEAST","1","20",20,"3737.0207657395","-18.4346052069","20","-9.7455627427"
"146",1,"sp|P15703|BGL2_YEAST","1","18",18,"3136.3573487198","-18.0030080986","17","-9.2956322534"
"147",1,"sp|P15705|STI1_YEAST","1","49",49,"11083.1427774823","-17.0939078910","43","-8.8689353169"
"148",1,"sp|P15873|PCNA_YEAST","1","20",20,"3002.7251746235","-17.7870340151","20","-8.7823754083"
"149",1,"sp|P15891|ABP1_YEAST","1","19",19,"4462.8211517432","-18.4135765716","17","-10.2150667721"
"150",1,"sp|P15992|HSP26_YEAST","1","29",29,"6764.7771947294","-16.3455037657","26","-8.1341035160"
"151",1,"sp|P16120|THRC_YEAST","1","35",35,"6650.2204518394","-17.6343015806","30","-9.1918102013"
"152",1,"sp|P16140|VATB_YEAST","1","53",53,"9277.9703143037","-17.1622904377","49","-8.4923868739"
"153",1,"sp|P16474|BIP_YEAST","1","38",38,"5608.8962901899","-18.2879902190","31","-9.5525078664"
"154",1,"sp|P16547|OM45_YEAST","1","7",7,"1146.7690227263","-19.7828898606","7","-10.9041068279"
"155",1,"sp|P16861|PFKA1_YEAST","1","62",62,"11741.4615651286","-17.7554453723","49","-9.4252726781"
"156",1,"sp|P16862|PFKA2_YEAST","1","49",49,"11682.8813984783","-17.7211419716","48","-9.4135007520"
"157",1,"sp|P17255|VATA_YEAST","1","87",87,"11847.7959136911","-17.8602751728","64","-9.1578190125"
"158",1,"sp|P17423|KHSE_YEAST","1","14",14,"1525.7403561873","-19.2323499900","9","-10.4029315103"
"159",1,"sp|P17505|MDHM_YEAST","1","40",40,"8838.4020059972","-16.6019979378","33","-8.4323864209"
"160",1,"sp|P17536|TPM1_YEAST","1","23",23,"5691.7264478760","-16.4898374924","20","-8.4077727734"
"161",1,"sp|P17555|CAP_YEAST","1","3",3,"798.8421805493","-20.7250157696","3","-12.5470327363"
"162",1,"sp|P17649|GABAT_YEAST","1","16",16,"2480.3525328465","-18.9311172615","10","-10.6507314025"
"163",1,"sp|P17709|HXKG_YEAST","1","15",15,"2801.7421590007","-18.8415392898","13","-10.3584208143"
"164",1,"sp|P17967|PDI_YEAST","1","26",26,"4442.5348064433","-18.2386021145","24","-9.5360197436"
"165",1,"sp|P18562|UPP_YEAST","1","8",8,"931.1049880783","-19.2199509445","4","-10.8479637499"
"166",1,"sp|P19097|FAS2_YEAST","1","126",126,"20921.1239693970","-17.8570694490","96","-9.3899924546"
"167",1,"sp|P19262|ODO2_YEAST","1","10",10,"1469.6781965757","-19.6614472863","8","-10.9479446310"
"168",1,"sp|P19358|METK2_YEAST","1","21",21,"499.8809393294","-20.9473852756","2","-12.6780387485"
"169",1,"sp|P19414|ACON_YEAST","1","122",122,"22353.2885150278","-16.4832903578","101","-8.0384911100"
"170",1,"sp|P19882|HSP60_YEAST","1","56",56,"10093.5287747733","-17.1865917996","48","-8.6679850838"
"171",1,"sp|P20051|PYRC_YEAST","1","14",14,"2184.6988860311","-18.7424393889","11","-10.1414392693"
"172",1,"sp|P20081|FKBP_YEAST","1","14",14,"1189.9824698553","-17.9440288910","6","-9.3410037612"
"173",1,"sp|P20606|SAR1_YEAST","1","14",14,"3087.0978213535","-17.3056836073","12","-9.0779693553"
"174",1,"sp|P20967|ODO1_YEAST","1","22",22,"5240.8329126523","-18.9581250206","19","-10.8309906713"
"175",1,"sp|P21242|PSA7_YEAST","1","4",4,"626.9661946416","-20.2055446373","4","-11.2630012492"
"176",1,"sp|P21243|PSA1_YEAST","1","8",8,"1056.0479207026","-19.2606838191","7","-10.2630012492"
"177",1,"sp|P21576|VPS1_YEAST","1","12",12,"1803.0172029391","-19.9710976543","11","-11.0930762477"
"178",1,"sp|P22133|MDHC_YEAST","1","4",4,"317.6024690264","-21.5752058777","2","-12.6514969610"
"179",1,"sp|P22137|CLH_YEAST","1","28",28,"4810.6301317233","-19.7867243256","20","-11.4620191621"
"180",1,"sp|P22141|PSB4_YEAST","1","6",6,"510.1858989062","-19.9623408878","4","-10.7224328678"
"181",1,"sp|P22146|GAS1_YEAST","1","13",13,"3946.0732381352","-18.5083659380","13","-10.5193410024"
"182",1,"sp|P22202|HSP74_YEAST","1","5",5,"369.0787417293","-22.1265081362","2","-13.4195057349"
"183",1,"sp|P22203|VATE_YEAST","1","6",6,"1152.8641470619","-19.0210428256","5","-10.6353342975"
"184",1,"sp|P22217|TRX1_YEAST","1","7",7,"1803.3111617396","-17.1979313691","7","-8.9722218529"
"185",1,"sp|P22515|UBA1_YEAST","1","28",28,"5520.3751014566","-18.8973128982","22","-10.6336446291"
"186",1,"sp|P22768|ASSY_YEAST","1","28",28,"5599.5023017368","-17.5910261128","23","-9.2837598093"
"187",1,"sp|P22803|TRX2_YEAST","1","12",12,"1813.0456670963","-17.2041036514","9","-8.6235909644"
"188",1,"sp|P22943|HSP12_YEAST","1","63",63,"11829.2709463976","-14.5659742662","50","-6.2174043827"
"189",1,"sp|P23248|RS3A2_YEAST","1","37",37,"388.6183804084","-20.7200065919","2","-12.0874296846"
"190",1,"sp|P23254|TKT1_YEAST","1","80",80,"12320.1184963561","-17.1485259067","62","-8.5482708735"
"191",1,"sp|P23542|AATC_YEAST","1","26",26,"3932.1811199871","-18.0941085545","19","-9.5525078664"
"192",1,"sp|P23639|PSA2_YEAST","1","2",2,"414.6976858343","-20.5977315806","2","-12.0588605324"
"193",1,"sp|P23641|MPCP_YEAST","1","16",16,"2695.6046874837","-18.2122410280","12","-9.7888845171"
"194",1,"sp|P23644|TOM40_YEAST","1","5",5,"1058.1192640720","-19.8767667062","5","-11.3673379090"
"195",1,"sp|P24280|SEC14_YEAST","1","9",9,"1930.3792369058","-18.6611224078","9","-10.1710787597"
"196",1,"sp|P25087|ERG6_YEAST","1","10",10,"1867.1165151559","-19.0424678194","9","-10.5043518282"
"197",1,"sp|P25294|SIS1_YEAST","1","14",14,"2242.8053193969","-18.6562064195","12","-9.9675453657"
"198",1,"sp|P25349|YCP4_YEAST","1","2",2,"532.8398556998","-20.2186725259","2","-12.0414434793"
"199",1,"sp|P25373|GLRX1_YEAST","1","4",4,"786.9638457958","-18.4890696481","4","-9.8744359613"
"200",1,"sp|P25443|RS2_YEAST","1","29",29,"4888.9201164046","-17.0612480520","21","-8.6894435117"
"201",1,"sp|P25491|MAS5_YEAST","1","4",4,"924.9485584414","-20.1505911938","4","-11.7690332807"
"202",1,"sp|P25605|ILV6_YEAST","1","9",9,"2303.8309243094","-18.4295073826","9","-10.1946142742"
"203",1,"sp|P25694|CDC48_YEAST","1","41",41,"7323.8536234545","-18.1951086276","36","-9.6287836337"
"204",1,"sp|P25719|CYPC_YEAST","1","9",9,"1153.0263293378","-18.6644483804","7","-9.7935159659"
"205",1,"sp|P26321|RL5_YEAST","1","22",22,"4987.5091919129","-17.2580788181","19","-9.0594678551"
"206",1,"sp|P26637|SYLC_YEAST","1","32",32,"5049.3548426119","-19.1160925511","27","-10.4283011652"
"207",1,"sp|P26783|RS5_YEAST","1","19",19,"3381.5830307160","-17.4181616109","16","-8.9068574390"
"208",1,"sp|P26784|RL16A_YEAST","1","7",7,"998.6732967140","-19.0006191171","5","-10.4077727734"
"209",1,"sp|P26785|RL16B_YEAST","1","25",25,"4506.9956352514","-16.8192697647","19","-8.4745053544"
"210",1,"sp|P26786|RS7A_YEAST","1","23",23,"2768.9102256122","-17.4626165268","13","-8.9624921379"
"211",1,"sp|P27614|CBPS_YEAST","1","4",4,"625.1018203449","-21.2098410901","4","-12.2630012492"
"212",1,"sp|P28240|ACEA_YEAST","1","43",43,"9986.1897420263","-17.1636783961","40","-8.8926816702"
"213",1,"sp|P28241|IDH2_YEAST","1","22",22,"5233.0729334483","-17.5018978376","21","-9.2282358310"
"214",1,"sp|P28272|PYRD_YEAST","1","32",32,"6364.8703778936","-16.9865688128","25","-8.7438408069"
"215",1,"sp|P28319|CWP1_YEAST","1","4",4,"621.5410029733","-19.9490245316","4","-10.9939430557"
"216",1,"sp|P28495|CAPZA_YEAST","1","5",5,"912.6620751859","-19.5600157001","5","-10.8372373433"
"217",1,"sp|P28707|SBA1_YEAST","1","3",3,"600.8686236636","-19.8518452058","3","-11.2630012492"
"218",1,"sp|P28834|IDH1_YEAST","1","24",24,"5180.8210424873","-17.4807515434","22","-9.1254977254"
"219",1,"sp|P29311|BMH1_YEAST","1","8",8,"1167.2192815478","-19.1996995084","6","-10.5688096787"
"220",1,"sp|P29453|RL8B_YEAST","1","49",49,"3683.4389267247","-17.4810258753","15","-9.1861856521"
"221",1,"sp|P29547|EF1G1_YEAST","1","10",10,"1196.3134349662","-19.8004512976","6","-11.2050812732"
"222",1,"sp|P29952|MPI_YEAST","1","22",22,"2523.5289207859","-18.7714704143","17","-9.7504472440"
"223",1,"sp|P30624|LCF1_YEAST","1","11",11,"1675.3526562761","-20.0688254992","10","-11.2223592647"
"224",1,"sp|P31116|DHOM_YEAST","1","15",15,"3070.4836516958","-18.2314533096","13","-9.8804765634"
"225",1,"sp|P31373|CYS3_YEAST","1","36",36,"10027.7595016777","-16.6582036209","30","-8.8082374716"
"226",1,"sp|P31383|2AAA_YEAST","1","3",3,"1002.8579514700","-20.6685747074","3","-12.8187265287"
"227",1,"sp|P31412|VATC_YEAST","1","3",3,"679.6968513736","-20.5338256968","3","-12.1228235911"
"228",1,"sp|P31539|HS104_YEAST","1","62",62,"9476.8609382889","-17.9442184167","47","-9.3650358833"
"229",1,"sp|P31688|TPS2_YEAST","1","5",5,"494.0697119829","-22.1866475977","3","-13.3154686691"
"230",1,"sp|P31787|ACBP_YEAST","1","27",27,"7266.5282585971","-14.9437564434","22","-7.0765881249"
"231",1,"sp|P32074|COPG_YEAST","1","5",5,"1193.9282495452","-20.9751856135","4","-12.9618988025"
"232",1,"sp|P32191|GPDM_YEAST","1","10",10,"1163.5160052386","-20.4856628090","9","-11.2652259143"
"233",1,"sp|P32288|GLNA_YEAST","1","24",24,"2399.5995037373","-18.6306670198","10","-10.3025296134"
"234",1,"sp|P32316|ACH1_YEAST","1","29",29,"4133.3829667369","-18.3536751481","18","-9.9620702356"
"235",1,"sp|P32324|EF2_YEAST","1","215",215,"47390.6118078595","-15.5132262396","182","-7.3029580306"
"236",1,"sp|P32377|MVD1_YEAST","1","14",14,"4115.4638848963","-17.9503807608","14","-9.9150779458"
"237",1,"sp|P32449|AROG_YEAST","1","29",29,"5653.1410088171","-17.3944079748","27","-8.8695702061"
"238",1,"sp|P32454|APE2_YEAST","1","26",26,"2680.9200974033","-19.8341687392","16","-10.9878940110"
"239",1,"sp|P32469|DPH5_YEAST","1","3",3,"690.9929089613","-20.1241550773","2","-12.3218949382"
"240",1,"sp|P32471|EF1B_YEAST","1","26",26,"5807.0973130523","-16.5107625143","23","-8.2560148189"
"241",1,"sp|P32473|ODPB_YEAST","1","7",7,"1376.6813091042","-19.4165844102","7","-10.8014211640"
"242",1,"sp|P32476|ERG1_YEAST","1","9",9,"1107.9467070094","-20.1683870195","8","-11.0472725581"
"243",1,"sp|P32481|IF2G_YEAST","1","19",19,"3679.1219868028","-18.5243768373","18","-9.9648103979"
"244",1,"sp|P32497|EIF3C_YEAST","1","18",18,"2274.7167590536","-19.8417281983","14","-10.9510572429"
"245",1,"sp|P32527|ZUO1_YEAST","1","16",16,"3812.2441708962","-18.1896618867","14","-10.0439445404"
"246",1,"sp|P32563|VPH1_YEAST","1","5",5,"979.4926414807","-21.1062181559","5","-12.4853936705"
"247",1,"sp|P32582|CBS_YEAST","1","28",28,"4208.9870386442","-18.2744480675","19","-9.8309906713"
"248",1,"sp|P32598|PP12_YEAST","1","11",11,"2132.6541902503","-18.5548313647","8","-10.3784784666"
"249",1,"sp|P32599|FIMB_YEAST","1","15",15,"2901.0695088466","-19.1519238221","13","-10.7190660167"
"250",1,"sp|P32614|FRDS_YEAST","1","15",15,"1513.7542903317","-19.6404650952","7","-11.1622382722"
"251",1,"sp|P32775|GLGB_YEAST","1","6",6,"1612.6546179778","-20.1320733264","6","-11.9675453657"
"252",1,"sp|P32835|GSP1_YEAST","2","20",20,"3470.9441770364","-17.3415380945","17","-8.7804004661"
"253",1,"sp|P32861|UGPA1_YEAST","1","6",6,"759.9034486286","-20.7210871726","4","-12.0559722531"
"254",1,"sp|P32905|RSSA1_YEAST","2","22",22,"4766.3041015001","-17.0864881192","20","-8.7484280763"
"255",1,"sp|P32911|SUI1_YEAST","1","4",4,"1276.8393246490","-17.7643897096","4","-9.8479637499"
"256",1,"sp|P33297|PRS6A_YEAST","1","4",4,"679.3322340845","-20.6814412136","4","-11.8546274802"
"257",1,"sp|P33322|CBF5_YEAST","1","4",4,"671.1197531387","-20.8533164505","3","-12.4239931258"
"258",1,"sp|P33327|DHE2_YEAST","1","4",4,"550.8537358264","-22.3150951320","3","-13.6008708879"
"259",1,"sp|P33331|NTF2_YEAST","1","7",7,"934.2255114793","-18.4260207348","6","-9.4738980317"
"260",1,"sp|P33416|HSP78_YEAST","1","16",16,"3104.2266773148","-19.3914033917","15","-10.8497437563"
"261",1,"sp|P34167|IF4B_YEAST","1","16",16,"2132.0847122490","-19.0379987617","12","-10.2762980718"
"262",1,"sp|P34216|EDE1_YEAST","1","11",11,"2218.9252528815","-20.6437157323","11","-12.0651422334"
"263",1,"sp|P34227|PRX1_YEAST","1","17",17,"2632.2173638847","-17.9937065649","14","-9.3136273222"
"264",1,"sp|P34730|BMH2_YEAST","1","48",48,"1973.3375803104","-18.4741985584","12","-9.6008708879"
"265",1,"sp|P35691|TCTP_YEAST","1","22",22,"3154.1543726176","-17.0885302188","16","-8.4767805402"
"266",1,"sp|P35719|MRP8_YEAST","1","4",4,"595.7124322954","-19.8841782841","3","-11.2829008066"
"267",1,"sp|P36008|EF1G2_YEAST","1","30",30,"3013.3257008782","-18.4572231070","14","-9.9722218529"
"268",1,"sp|P36010|NDK_YEAST","1","24",24,"3777.9889575592","-16.7018485552","24","-7.7655015897"
"269",1,"sp|P36015|YKT6_YEAST","1","7",7,"1411.2026356534","-18.5090102268","6","-10.1519699368"
"270",1,"sp|P36139|PET10_YEAST","1","10",10,"1550.1554164538","-18.8743245750","10","-9.9158063957"
"271",1,"sp|P36421|SYYC_YEAST","1","5",5,"854.4570885507","-20.2110510713","5","-11.3931999723"
"272",1,"sp|P37291|GLYC_YEAST","1","23",23,"3274.0041663518","-18.5244671523","19","-9.7185928468"
"273",1,"sp|P37292|GLYM_YEAST","1","7",7,"1180.4383074266","-20.0593944917","5","-11.7077860918"
"274",1,"sp|P37302|APE3_YEAST","1","23",23,"5773.8922424475","-17.9013132925","22","-9.7024229071"
"275",1,"sp|P38011|GBLP_YEAST","1","41",41,"8572.8394766804","-16.5797186816","33","-8.3660947421"
"276",1,"sp|P38013|AHP1_YEAST","1","129",129,"25675.4601130986","-14.1391925909","116","-5.6945268712"
"277",1,"sp|P38061|RL32_YEAST","1","25",25,"2858.7101717917","-16.8690826497","16","-8.1154440608"
"278",1,"sp|P38077|ATPG_YEAST","1","10",10,"1078.4560679902","-19.5338825596","5","-11.0519189230"
"279",1,"sp|P38115|ARA1_YEAST","1","7",7,"1364.9948287857","-19.3394484666","7","-10.7119860804"
"280",1,"sp|P38137|FAT2_YEAST","1","6",6,"882.7084757511","-20.6268786297","5","-11.8559565407"
"281",1,"sp|P38219|OLA1_YEAST","1","20",20,"3682.9750286713","-18.1032594015","17","-9.6276652259"
"282",1,"sp|P38248|ECM33_YEAST","1","6",6,"927.5203289794","-20.2154622275","5","-11.5159819903"
"283",1,"sp|P38249|EIF3A_YEAST","1","15",15,"2599.9996082967","-19.8964571278","13","-11.3055258658"
"284",1,"sp|P38328|ARPC1_YEAST","1","10",10,"1538.3626130389","-19.3256460920","10","-10.3561106536"
"285",1,"sp|P38426|TPS3_YEAST","1","9",9,"979.7479571932","-21.4332557843","5","-12.8128073045"
"286",1,"sp|P38431|IF5_YEAST","1","12",12,"2247.6187216078","-18.8554599729","11","-10.2954227269"
"287",1,"sp|P38616|YGP1_YEAST","1","3",3,"908.1120929520","-19.9687424547","3","-11.9757192971"
"288",1,"sp|P38624|PSB1_YEAST","1","6",6,"616.1112709489","-19.8090092139","4","-10.8412690973"
"289",1,"sp|P38625|GUAA_YEAST","1","14",14,"2214.0060169200","-19.2515936672","12","-10.5442873596"
"290",1,"sp|P38628|AGM1_YEAST","1","8",8,"1130.2100305296","-20.3070218167","8","-11.2146097651"
"291",1,"sp|P38701|RS20_YEAST","1","25",25,"5156.9970463251","-15.9144112156","25","-7.3680832952"
"292",1,"sp|P38707|SYNC_YEAST","1","21",21,"3657.1835073105","-18.6050883446","19","-9.9588909003"
"293",1,"sp|P38708|YHI0_YEAST","1","10",10,"2270.7864691151","-19.6051519020","9","-11.3494160010"
"294",1,"sp|P38715|GRE3_YEAST","1","12",12,"2665.7932286720","-18.3006611404","12","-9.8612605725"
"295",1,"sp|P38764|RPN1_YEAST","1","14",14,"2479.6259908087","-20.0076065739","13","-11.3482864371"
"296",1,"sp|P38765|YHI9_YEAST","1","7",7,"888.7989169595","-19.7318225785","6","-10.7077860918"
"297",1,"sp|P38787|PANE_YEAST","1","2",2,"324.3368545313","-21.5525683634","2","-12.6591302859"
"298",1,"sp|P38788|SSZ1_YEAST","1","36",36,"6177.5611828278","-17.8065041659","25","-9.5206824205"
"299",1,"sp|P38804|SDO1L_YEAST","1","14",14,"2471.1259737704","-16.8513265052","12","-8.3025296134"
"300",1,"sp|P38845|CRP1_YEAST","1","5",5,"731.3290310594","-20.6745735656","4","-11.9541631537"
"301",1,"sp|P38858|SOL3_YEAST","1","10",10,"1500.9305095637","-18.7362239453","9","-9.8831531784"
"302",1,"sp|P38879|NACA_YEAST","1","21",21,"3784.8345726331","-16.8847924490","19","-8.2880922301"
"303",1,"sp|P38891|BCA1_YEAST","1","16",16,"2820.7053151993","-18.4844087473","10","-10.3895336551"
"304",1,"sp|P38910|CH10_YEAST","1","10",10,"1182.4181194720","-17.8482593693","7","-9.0136417802"
"305",1,"sp|P38912|IF1A_YEAST","1","10",10,"1486.9446270520","-18.0471161169","10","-9.0285359955"
"306",1,"sp|P38934|BFR1_YEAST","1","33",33,"6188.2665190472","-17.6090608113","32","-8.9695931943"
"307",1,"sp|P38968|SEC31_YEAST","1","3",3,"504.0497234687","-22.6644579367","3","-13.8221304509"
"308",1,"sp|P38972|PUR4_YEAST","1","9",9,"1358.5807585403","-21.3272466351","9","-12.3304190105"
"309",1,"sp|P38998|LYS1_YEAST","1","4",4,"734.2421662839","-20.3507831443","3","-12.0511455673"
"310",1,"sp|P38999|LYS9_YEAST","1","11",11,"1894.5947769477","-19.2410897851","10","-10.5720480528"
"311",1,"sp|P39015|STM1_YEAST","1","29",29,"5948.7798719190","-16.8822425445","23","-8.6622714326"
"312",1,"sp|P39078|TCPD_YEAST","1","2",2,"407.5525891955","-21.7014151800","2","-13.1374703671"
"313",1,"sp|P39522|ILV3_YEAST","1","10",10,"1471.1488078058","-19.9974288283","8","-11.2853690622"
"314",1,"sp|P39533|ACON2_YEAST","1","4",4,"635.1690111868","-21.6407482549","4","-12.7169577377"
"315",1,"sp|P39676|FHP_YEAST","1","61",61,"13937.4276570197","-16.2014317222","52","-8.0328814658"
"316",1,"sp|P39683|NPT1_YEAST","1","4",4,"844.7884850583","-20.3502509598","4","-11.8379100852"
"317",1,"sp|P39708|DHE5_YEAST","1","10",10,"523.2727277626","-21.1324945778","2","-12.9291266028"
"318",1,"sp|P39730|IF2P_YEAST","1","15",15,"1816.2267735986","-20.4698016423","12","-11.4767805402"
"319",1,"sp|P39938|RS26A_YEAST","2","12",12,"2192.4388332406","-17.1243603673","12","-8.4029315103"
"320",1,"sp|P39954|SAHH_YEAST","1","46",46,"10168.6677309294","-16.8265920635","40","-8.5817197876"
"321",1,"sp|P39976|DLD3_YEAST","1","3",3,"408.5943517547","-21.6075343418","2","-13.0472725581"
"322",1,"sp|P40024|ARB1_YEAST","1","2",2,"435.8495287503","-21.8128425752","2","-13.3457416802"
"323",1,"sp|P40029|MSRA_YEAST","1","5",5,"577.4303055997","-19.6779224211","3","-11.0316757031"
"324",1,"sp|P40043|RGI1_YEAST","1","9",9,"2442.0416574298","-17.4049082650","7","-9.6166382038"
"325",1,"sp|P40069|IMB4_YEAST","1","21",21,"3452.9583960237","-19.6944841233","16","-11.2133141251"
"326",1,"sp|P40075|SCS2_YEAST","1","6",6,"967.3779557864","-19.3406649674","6","-10.4388510846"
"327",1,"sp|P40087|DDI1_YEAST","1","7",7,"803.4892995450","-20.4191954678","6","-11.2495807334"
"328",1,"sp|P40185|MMF1_YEAST","1","17",17,"3452.8255479760","-16.7542108428","15","-8.3660947421"
"329",1,"sp|P40202|CCS1_YEAST","1","2",2,"334.8230281925","-20.9006104686","2","-12.0530781798"
"330",1,"sp|P40212|RL13B_YEAST","2","69",69,"10604.8904908980","-15.5920459999","58","-6.8717198732"
"331",1,"sp|P40217|EIF3I_YEAST","1","3",3,"892.5434334670","-19.9648767689","3","-11.9469055996"
"332",1,"sp|P40302|PSA6_YEAST","1","5",5,"773.5640904254","-19.6028511869","5","-10.6415128724"
"333",1,"sp|P40303|PSA4_YEAST","1","3",3,"878.5500228726","-19.5375675464","3","-11.4967984338"
"334",1,"sp|P40495|LYS12_YEAST","1","7",7,"696.6618392358","-20.4188241295","4","-11.6283516244"
"335",1,"sp|P40531|GVP36_YEAST","1","14",14,"2186.5568385579","-18.5821465006","13","-9.7413646838"
"336",1,"sp|P40582|GST1_YEAST","1","3",3,"320.2189223510","-20.8753134500","2","-11.9634409673"
"337",1,"sp|P40825|SYA_YEAST","1","25",25,"3498.9258809352","-19.4962147001","18","-10.8641988526"
"338",1,"sp|P40893|REE1_YEAST","1","9",9,"2746.7794235868","-17.5336947562","9","-9.5525078664"
"339",1,"sp|P40991|NOP2_YEAST","1","5",5,"1092.0836814506","-20.5064588177","5","-12.0426111808"
"340",1,"sp|P41159ups|LEP_HUMAN_UPS","1","5",5,"915.5270561694","-18.6890771153","5","-9.9708204977"
"341",1,"sp|P41277|GPP1_YEAST","1","8",8,"573.4929475412","-20.1300158321","2","-12.0588605324"
"342",1,"sp|P41338|THIL_YEAST","1","38",38,"8376.3677875684","-16.9323790289","35","-8.6004178513"
"343",1,"sp|P41805|RL10_YEAST","1","33",33,"5999.4406097076","-16.5651537674","25","-8.2371226174"
"344",1,"sp|P41811|COPB2_YEAST","1","10",10,"1398.8825051390","-20.6738440135","9","-11.7191908551"
"345",1,"sp|P41911|GPD2_YEAST","1","8",8,"559.3274000935","-20.9816739997","3","-12.2894734605"
"346",1,"sp|P41921|GSHR_YEAST","1","6",6,"867.2501143915","-20.4834385454","5","-11.6870275317"
"347",1,"sp|P41940|MPG1_YEAST","1","42",42,"10151.6609499868","-16.5142903382","38","-8.3410037612"
"348",1,"sp|P42943|TCPH_YEAST","1","4",4,"335.2214346156","-22.0421807005","2","-13.1963640561"
"349",1,"sp|P43588|RPN11_YEAST","1","3",3,"405.9722501998","-20.9200140182","2","-12.3504640904"
"350",1,"sp|P43593|UBP6_YEAST","1","4",4,"776.5166008586","-20.6898865300","4","-12.0559722531"
"351",1,"sp|P43616|DUG1_YEAST","1","17",17,"3696.7053941774","-18.3857322075","15","-10.0960787359"
"352",1,"sp|P43621|COPD_YEAST","1","6",6,"443.8800970382","-21.6265944116","3","-12.6008708879"
"353",1,"sp|P46367|ALDH4_YEAST","1","45",45,"7799.3548322913","-17.4183151376","35","-8.9833839591"
"354",1,"sp|P46655|SYEC_YEAST","1","74",74,"12151.2289264253","-17.2266544231","61","-8.6299444603"
"355",1,"sp|P46672|ARC1_YEAST","1","29",29,"4809.8903958728","-17.6506640299","27","-8.8927775972"
"356",1,"sp|P46680|AIP1_YEAST","1","5",5,"717.8801393872","-21.1047069076","5","-12.0355907531"
"357",1,"sp|P46784|RS10B_YEAST","2","7",7,"1748.5744021122","-17.2701455309","6","-9.2223592647"
"358",1,"sp|P47068|BBC1_YEAST","1","10",10,"992.8868870321","-21.5485510710","7","-12.4618944748"
"359",1,"sp|P47075|VTC4_YEAST","1","2",2,"344.3213828965","-22.3941069643","2","-13.5869316970"
"360",1,"sp|P47079|TCPQ_YEAST","1","3",3,"450.2655476686","-21.6629783187","3","-12.6578608665"
"361",1,"sp|P47117|ARP3_YEAST","1","9",9,"1710.5264473972","-19.3982104217","9","-10.7337228810"
"362",1,"sp|P47143|ADK_YEAST","1","25",25,"5496.8862898287","-17.3128554980","25","-8.8586109941"
"363",1,"sp|P47176|BCA2_YEAST","1","26",26,"3937.8393690368","-17.9392637867","22","-9.1882334808"
"364",1,"sp|P48164|RS7B_YEAST","1","13",13,"1982.8865997555","-17.9443326329","9","-9.4930068546"
"365",1,"sp|P48570|HOSC_YEAST","2","8",8,"1464.9841576753","-19.5526611205","8","-10.8345432341"
"366",1,"sp|P48589|RS12_YEAST","1","36",36,"7791.9526988412","-15.5599656147","32","-7.2529475845"
"367",1,"sp|P49089|ASNS1_YEAST","1","55",55,"4660.3488136783","-18.3015125938","21","-9.8606301617"
"368",1,"sp|P49090|ASNS2_YEAST","1","16",16,"3300.6618572133","-18.7991951879","15","-10.3460569889"
"369",1,"sp|P49167|RL38_YEAST","1","7",7,"1106.8700295316","-17.5009955879","7","-8.5711235445"
"370",1,"sp|P49723|RIR4_YEAST","1","35",35,"7632.1693726739","-16.8604385613","28","-8.7161738773"
"371",1,"sp|P50085|PHB2_YEAST","1","3",3,"756.4427846612","-20.0409007328","3","-11.7842381523"
"372",1,"sp|P50861|RIB4_YEAST","1","12",12,"2415.9840240054","-17.4903477191","10","-9.1720275891"
"373",1,"sp|P52910|ACS2_YEAST","1","30",30,"3965.5297506969","-18.7903073590","21","-10.1165005932"
"374",1,"sp|P53081|NIF3_YEAST","1","6",6,"889.8458261161","-19.7003768962","5","-10.9410731543"
"375",1,"sp|P53090|ARO8_YEAST","1","30",30,"4739.7968692723","-18.0830382505","24","-9.4738980317"
"376",1,"sp|P53141|MLC1_YEAST","1","16",16,"1958.5196230546","-17.6114841348","12","-8.7272822675"
"377",1,"sp|P53184|PNC1_YEAST","1","15",15,"4155.1116608147","-17.0620794524","15","-8.9410731543"
"378",1,"sp|P53221|RL26B_YEAST","1","12",12,"589.1306528144","-19.1141043600","4","-10.0817609345"
"379",1,"sp|P53252|PIL1_YEAST","1","35",35,"3390.1549451783","-18.0058694482","17","-9.4107548696"
"380",1,"sp|P53301|CRH1_YEAST","1","15",15,"1371.1444882123","-19.8925405273","7","-11.2715632627"
"381",1,"sp|P53303|ZPR1_YEAST","1","7",7,"1034.8157706888","-20.2375177550","7","-11.2105338293"
"382",1,"sp|P53312|SUCB_YEAST","1","13",13,"2001.4611278981","-19.0991178610","11","-10.3717368887"
"383",1,"sp|P53598|SUCA_YEAST","1","6",6,"1258.6260122749","-19.3921733065","5","-11.1330919266"
"384",1,"sp|P53622|COPA_YEAST","1","10",10,"1557.5316842711","-20.9528381215","9","-12.1531716820"
"385",1,"sp|P53691|PPID_YEAST","1","16",16,"2743.2918349719","-18.4414464680","12","-10.0433891236"
"386",1,"sp|P53839|GOR1_YEAST","1","15",15,"2231.8395988914","-18.6550569642","13","-9.8438476414"
"387",1,"sp|P53912|YNN4_YEAST","1","21",21,"5635.6505545228","-17.4220858909","19","-9.3997375860"
"388",1,"sp|P54113|PUR91_YEAST","1","17",17,"1204.5754647762","-20.3005687387","7","-11.4927356459"
"389",1,"sp|P54115|ALDH6_YEAST","1","59",59,"9391.4463654307","-17.0965161194","49","-8.4441506883"
"390",1,"sp|P54838|DAK1_YEAST","1","10",10,"1730.9412879478","-19.7603469658","9","-11.1129758052"
"391",1,"sp|P54839|HMCS_YEAST","1","35",35,"7590.1662693080","-17.3775269223","30","-9.1257648664"
"392",1,"sp|P54885|PROA_YEAST","1","11",11,"1730.1092822522","-19.4041060432","11","-10.4665346433"
"393",1,"sp|P60010|ACT_YEAST","1","117",117,"28481.8482597918","-15.0808551185","110","-6.8624633196"
"394",1,"sp|P61830|H3_YEAST","1","7",7,"3718.1495281612","-16.5549572483","7","-9.3731841669"
"395",1,"sp|P80210|PURA_YEAST","1","12",12,"979.7372595690","-20.1498355999","7","-11.0439445404"
"396",1,"sp|P89886|TMA20_YEAST","1","14",14,"1915.8293518042","-17.9239560226","13","-8.8924824167"
"397",1,"sp|Q00055|GPD1_YEAST","1","15",15,"2013.7430406307","-18.9632243917","11","-10.2446694264"
"398",1,"sp|Q00764|TPS1_YEAST","1","11",11,"1780.4666419622","-19.4811085062","7","-11.2370060406"
"399",1,"sp|Q01532|BLH1_YEAST","1","10",10,"1884.7073002221","-19.3636180896","10","-10.6870275317"
"400",1,"sp|Q01560|NOP3_YEAST","1","12",12,"2983.0602358900","-18.4787730452","11","-10.3271315866"
"401",1,"sp|Q01574|ACS1_YEAST","1","6",6,"504.2592966456","-21.8275997819","3","-12.9858720135"
"402",1,"sp|Q01855|RS15_YEAST","1","7",7,"1362.2621259016","-18.0658219842","6","-9.6578608665"
"403",1,"sp|Q02326|RL6A_YEAST","1","10",10,"625.2025567362","-19.4991152329","4","-10.5525078664"
"404",1,"sp|Q02486|ABF2_YEAST","1","2",2,"273.2176663858","-20.7496563587","2","-11.6087760860"
"405",1,"sp|Q02642|NACB1_YEAST","1","5",5,"1569.0248349065","-18.0068317586","5","-10.0657689017"
"406",1,"sp|Q02753|RL21A_YEAST","2","7",7,"611.5743472055","-19.3934074939","4","-10.4150043426"
"407",1,"sp|Q03048|COFI_YEAST","1","10",10,"1640.8239245074","-17.8075301016","8","-9.2529475845"
"408",1,"sp|Q03104|MSC1_YEAST","1","11",11,"1584.1579757422","-19.7011780018","11","-10.6364596447"
"409",1,"sp|Q03161|YMY9_YEAST","1","13",13,"2464.7418212031","-18.2749617844","13","-9.6069556504"
"410",1,"sp|Q03195|RLI1_YEAST","1","12",12,"1301.6324977293","-20.2296845348","8","-11.3410037612"
"411",1,"sp|Q03529|SCS7_YEAST","1","2",2,"280.2892546243","-21.7820533559","2","-12.6780387485"
"412",1,"sp|Q03690|CLU_YEAST","1","17",17,"3019.8894873346","-20.0861262520","16","-11.4116190574"
"413",1,"sp|Q03940|RUVB1_YEAST","1","8",8,"609.7691199803","-20.9306125846","4","-11.9479446310"
"414",1,"sp|Q04062|RPN9_YEAST","1","10",10,"592.8378321109","-20.7347552781","5","-11.3895336551"
"415",1,"sp|Q04067|EIF3G_YEAST","1","6",6,"878.3373028852","-19.6472642992","5","-10.8691802358"
"416",1,"sp|Q04336|YM54_YEAST","1","3",3,"437.2719327584","-22.6429393848","3","-13.5955765883"
"417",1,"sp|Q04409|EMI2_YEAST","1","26",26,"1957.0728692392","-19.3591660082","13","-10.3584208143"
"418",1,"sp|Q04432|HSP31_YEAST","1","31",31,"6475.5409179611","-16.5558217367","26","-8.2813797785"
"419",1,"sp|Q04792|DCE_YEAST","1","4",4,"814.6659027958","-20.8500915803","3","-12.7004065615"
"420",1,"sp|Q04869|YM94_YEAST","1","3",3,"1041.4622458048","-19.7505518827","3","-11.9551969732"
"421",1,"sp|Q04894|ADH6_YEAST","1","5",5,"1237.4130795686","-19.5466051053","5","-11.2630012492"
"422",1,"sp|Q04947|RTN1_YEAST","1","4",4,"803.2475156138","-19.8827338231","4","-11.2976473920"
"423",1,"sp|Q04951|SCW10_YEAST","1","8",8,"1290.9078660129","-19.5973195054","7","-10.8893476707"
"424",1,"sp|Q05016|YM71_YEAST","1","25",25,"5559.2734247038","-16.9478787885","23","-8.6302102234"
"425",1,"sp|Q05506|SYRC_YEAST","1","21",21,"2379.6108663481","-19.3569062324","17","-10.2511661127"
"426",1,"sp|Q06505|IWS1_YEAST","1","2",2,"293.3858378264","-21.8106881603","2","-12.7725563472"
"427",1,"sp|Q06523|YP148_YEAST","1","2",2,"271.1578824832","-22.0097457734","2","-12.8579478385"
"428",1,"sp|Q07478|SUB2_YEAST","1","11",11,"2272.9800081082","-18.9783941024","9","-10.7240511462"
"429",1,"sp|Q07551|KAR_YEAST","1","9",9,"2088.2479776967","-18.5851883755","9","-10.2085534652"
"430",1,"sp|Q08193|GAS5_YEAST","1","8",8,"1077.1228767670","-20.1737595948","6","-11.4269769843"
"431",1,"sp|Q08245|ZEO1_YEAST","1","40",40,"9778.3636489070","-14.8926651010","36","-6.7433302087"
"432",1,"sp|Q08723|RPN8_YEAST","1","9",9,"2290.1435886563","-18.5675205778","8","-10.4939556840"
"433",1,"sp|Q08977|YP260_YEAST","1","20",20,"3808.9125743907","-18.5386085318","19","-9.9510572429"
"434",1,"sp|Q12074|SPEE_YEAST","1","20",20,"2997.7793427099","-17.9729418571","17","-9.2003702609"
"435",1,"sp|Q12118|SGT2_YEAST","1","13",13,"2391.2780425139","-18.5389255380","13","-9.8272647572"
"436",1,"sp|Q12154|GET3_YEAST","1","22",22,"2386.6009878107","-18.5747273630","11","-10.1012501792"
"437",1,"sp|Q12230|LSP1_YEAST","1","32",32,"3705.4679460002","-17.8860513814","22","-9.0472725581"
"438",1,"sp|Q12250|RPN5_YEAST","1","3",3,"626.5085245569","-20.8343346786","3","-12.3057752729"
"439",1,"sp|Q12305|RDL1_YEAST","1","22",22,"4140.9955381333","-16.4310426220","19","-7.9640898070"
"440",1,"sp|Q12306|SMT3_YEAST","1","7",7,"2440.7496781179","-16.7329663395","7","-8.9439328084"
"441",1,"sp|Q12314|SFM1_YEAST","1","21",21,"3300.7590426668","-17.3739909929","19","-8.5798583545"
"442",1,"sp|Q12329|HSP42_YEAST","1","2",2,"301.1854069932","-21.6441022074","2","-12.6438230331"
"443",1,"sp|Q12335|PST2_YEAST","1","13",13,"2856.1622593690","-17.4773578760","13","-9.0219931497"
"444",1,"sp|Q12363|WTM1_YEAST","1","26",26,"5140.0064287993","-17.7717985032","21","-9.4722482945"
"445",1,"sp|Q12428|PRPD_YEAST","1","2",2,"427.2266925998","-21.6002327602","2","-13.1043035032"
"446",1,"sp|Q12443|RTN2_YEAST","1","5",5,"948.2785202712","-20.0570819372","5","-11.3895336551"
"447",1,"sp|Q12449|AHA1_YEAST","1","14",14,"1815.7743440282","-18.9527053870","12","-9.9593248588"
"448",1,"sp|Q12458|YPR1_YEAST","1","10",10,"391.4575192462","-21.0005537557","2","-12.3784784666"
"449",1,"sp|Q12460|NOP56_YEAST","1","4",4,"581.1051993784","-21.1224878528","4","-12.0703561712"
"450",1,"sp|Q12499|NOP58_YEAST","1","8",8,"2144.3399329055","-19.2587250503","8","-11.0902557287"
"451",1,"sp|Q3E754|RS21B_YEAST","1","18",18,"1447.5589067766","-17.2714006351","5","-9.2140916487"
"452",1,"sp|Q3E841|YN034_YEAST","1","22",22,"3710.3851609133","-16.0852200863","20","-7.3858579970"
"453",1,"sp|O13535|YH11B_YEAST","46","29",29,NA,NA,NA,NA
"453",1,"sp|P0C2J0|YP13B_YEAST","6","26",26,NA,NA,NA,NA
"453",1,"sp|Q12441|YD12A_YEAST","2","26",26,NA,NA,NA,NA
"453",1,"sp|Q12470|YN12A_YEAST","2","26",26,NA,NA,NA,NA
"453",1,"sp|Q12112|YN11B_YEAST","2","10",10,NA,NA,NA,NA
"454",1,"sp|O14455|RL36B_YEAST","1","5",5,"543.0976415685","-18.8866518839","4","-9.7369324375"
"454",1,"sp|P05745|RL36A_YEAST","1","2",2,NA,NA,NA,NA
"455",1,"sp|P00044|CYC1_YEAST","1","11",11,"337.5415565703","-19.6971264861","1","-11.8612605725"
"455",1,"sp|P00045|CYC7_YEAST","1","8",8,NA,NA,NA,NA
"456",1,"sp|P00330|ADH1_YEAST","1","323",323,"10626.4866029112","-16.3954299159","40","-8.2140916487"
"456",1,"sp|P00331|ADH2_YEAST","1","209",209,"690.6647260191","-20.3389652448","3","-11.9510572429"
"456",1,"sp|P38113|ADH5_YEAST","1","8",8,NA,NA,NA,NA
"457",1,"sp|P00549|KPYK1_YEAST","1","379",379,"81782.8054502357","-13.9741378338","326","-5.7101323782"
"457",1,"sp|P52489|KPYK2_YEAST","1","9",9,NA,NA,NA,NA
"458",1,"sp|P00890|CISY1_YEAST","1","41",41,"6906.8664594065","-17.4779297131","30","-9.0900674979"
"458",1,"sp|P08679|CISY2_YEAST","1","5",5,NA,NA,NA,NA
"459",1,"sp|P01123|YPT1_YEAST","1","9",9,"527.5517635705","-19.9711951611","4","-10.7795767749"
"459",1,"sp|P07560|SEC4_YEAST","1","10",10,"1375.4791320737","-18.6503377950","7","-10.0339141753"
"459",1,"sp|Q99260|YPT6_YEAST","1","3",3,NA,NA,NA,NA
"460",1,"sp|P05738|RL9A_YEAST","1","36",36,"437.6510655957","-20.1316550373","2","-11.6705050758"
"460",1,"sp|P51401|RL9B_YEAST","1","34",34,NA,NA,NA,NA
"461",1,"sp|P05748|RL15A_YEAST","1","44",44,"985.9507637303","-19.0549170311","4","-10.7655015897"
"461",1,"sp|P54780|RL15B_YEAST","1","40",40,NA,NA,NA,NA
"462",1,"sp|P05755|RS9B_YEAST","1","33",33,"1236.7530848598","-18.6628520132","6","-10.1154440608"
"462",1,"sp|O13516|RS9A_YEAST","1","27",27,NA,NA,NA,NA
"463",1,"sp|P06169|PDC1_YEAST","1","267",267,"39634.0834943939","-15.1904005991","132","-7.1856732405"
"463",1,"sp|P16467|PDC5_YEAST","1","98",98,NA,NA,NA,NA
"463",1,"sp|P26263|PDC6_YEAST","1","101",101,NA,NA,NA,NA
"463",1,"sp|Q07471|THI3_YEAST","1","24",24,NA,NA,NA,NA
"464",1,"sp|P06208|LEU1_YEAST","1","14",14,"1070.8894345579","-20.5370652620","6","-11.7819093462"
"464",1,"sp|Q12166|LEU9_YEAST","1","5",5,NA,NA,NA,NA
"465",1,"sp|P06634|DED1_YEAST","1","4",4,"717.3827923727","-21.0796688915","4","-12.3314809871"
"465",1,"sp|P24784|DBP1_YEAST","1","0",0,NA,NA,NA,NA
"466",1,"sp|P09733|TBA1_YEAST","1","3",3,"183.5498673594","-22.6119662417","1","-13.8972072689"
"466",1,"sp|P09734|TBA3_YEAST","1","1",1,NA,NA,NA,NA
"467",1,"sp|P0C2H8|RL31A_YEAST","1","20",20,"1187.1030342329","-17.9348130013","9","-8.7433302087"
"467",1,"sp|P0C2H9|RL31B_YEAST","1","11",11,NA,NA,NA,NA
"468",1,"sp|P0CH08|RL40A_YEAST","2","118",118,"872.7218974179","-18.5584852962","6","-9.5081137470"
"468",1,"sp|P05759|RS31_YEAST","1","111",111,"943.7683502148","-18.6935020151","5","-10.0190756663"
"468",1,"sp|P62979ups|RS27A_HUMAN_UPS","1","50",50,"392.7039937646","-19.9959672411","2","-11.3784784666"
"468",1,"sp|P0CG63|UBI4P_YEAST","1","106",106,NA,NA,NA,NA
"469",1,"sp|P0CS90|HSP77_YEAST","1","83",83,"9962.5482611270","-17.3987112151","48","-8.8612605725"
"469",1,"sp|P39987|HSP7E_YEAST","1","29",29,NA,NA,NA,NA
"470",1,"sp|P10664|RL4A_YEAST","1","42",42,"325.7405347853","-21.4801299212","2","-12.5929221348"
"470",1,"sp|P49626|RL4B_YEAST","1","39",39,NA,NA,NA,NA
"471",1,"sp|P11484|SSB1_YEAST","1","146",146,"2861.4217311981","-19.1050903160","11","-10.8933878928"
"471",1,"sp|P40150|SSB2_YEAST","1","140",140,"1619.6620469563","-19.9261296444","5","-12.0308914165"
"471",1,"sp|Q02891|MCFS1_YEAST","1","0",0,NA,NA,NA,NA
"472",1,"sp|P15731|UBC4_YEAST","1","4",4,"468.6826650977","-19.6648492224","1","-12.3025296134"
"472",1,"sp|P15732|UBC5_YEAST","1","3",3,NA,NA,NA,NA
"473",1,"sp|P16521|EF3A_YEAST","1","151",151,"25914.6145644674","-16.6942911629","97","-8.5210694021"
"473",1,"sp|Q08972|NEW1_YEAST","1","15",15,"968.1952213160","-21.6327109930","5","-12.9951498270"
"473",1,"sp|P53978|EF3B_YEAST","1","27",27,NA,NA,NA,NA
"474",1,"sp|P18239|ADT2_YEAST","1","14",14,"1391.8134518060","-19.1979962966","7","-10.5986042810"
"474",1,"sp|P18238|ADT3_YEAST","1","4",4,NA,NA,NA,NA
"474",1,"sp|P04710|ADT1_YEAST","1","1",1,NA,NA,NA,NA
"475",1,"sp|P21954|IDHP_YEAST","1","56",56,"5538.5111134689","-17.6340479870","30","-8.9276526385"
"475",1,"sp|P41939|IDHC_YEAST","1","53",53,"4076.0399391394","-18.0214115369","21","-9.3872593521"
"475",1,"sp|P53982|IDHH_YEAST","1","25",25,NA,NA,NA,NA
"476",1,"sp|P23301|IF5A1_YEAST","1","44",44,"11967.1770204278","-15.0756889815","43","-6.9614322419"
"476",1,"sp|P19211|IF5A2_YEAST","1","0",0,NA,NA,NA,NA
"477",1,"sp|P29509|TRXB1_YEAST","1","38",38,"7579.3876808843","-16.7574105098","29","-8.5525078664"
"477",1,"sp|P38816|TRXB2_YEAST","1","9",9,NA,NA,NA,NA
"478",1,"sp|P30952|MLS1_YEAST","1","43",43,"7075.4647572467","-17.6529964480","27","-9.4519309116"
"478",1,"sp|P21826|MLS2_YEAST","1","15",15,NA,NA,NA,NA
"479",1,"sp|P32327|PYC2_YEAST","1","19",19,"393.2588696030","-22.9130991319","3","-13.7126848913"
"479",1,"sp|P11154|PYC1_YEAST","1","14",14,NA,NA,NA,NA
"480",1,"sp|P32589|HSP7F_YEAST","1","96",96,"15123.0761774874","-16.8801110175","62","-8.5755914795"
"480",1,"sp|P32590|HSP79_YEAST","1","9",9,NA,NA,NA,NA
"481",1,"sp|P34760|TSA1_YEAST","1","80",80,"17066.4378783840","-14.8836989775","64","-6.7077860918"
"481",1,"sp|Q04120|TSA2_YEAST","1","3",3,NA,NA,NA,NA
"482",1,"sp|P36017|VPS21_YEAST","1","3",3,"418.8453393913","-20.3318351897","1","-12.8073217654"
"482",1,"sp|P36018|YPT52_YEAST","1","3",3,"343.3932837315","-20.7745101894","1","-12.9634409673"
"482",1,"sp|P36019|YPT53_YEAST","1","2",2,NA,NA,NA,NA
"483",1,"sp|P37012|PGM2_YEAST","1","21",21,"2746.0217646318","-19.0570209797","12","-10.6603985893"
"483",1,"sp|P33401|PGM1_YEAST","1","5",5,NA,NA,NA,NA
"484",1,"sp|P38088|SYG_YEAST","1","17",17,"3010.0347812308","-19.2027515916","14","-10.7161738773"
"484",1,"sp|Q06817|SYG2_YEAST","1","3",3,NA,NA,NA,NA
"485",1,"sp|P38720|6PGD1_YEAST","1","110",110,"20700.3489827565","-15.9241866676","81","-7.6869168998"
"485",1,"sp|P53319|6PGD2_YEAST","1","20",20,NA,NA,NA,NA
"486",1,"sp|P38754|RL14B_YEAST","1","14",14,"441.5891194329","-19.6498271240","3","-10.6166382038"
"486",1,"sp|P36105|RL14A_YEAST","1","11",11,NA,NA,NA,NA
"487",1,"sp|P38911|FKBP3_YEAST","1","5",5,"597.1550459506","-20.7888963131","4","-11.7760708314"
"487",1,"sp|Q06205|FKBP4_YEAST","1","1",1,NA,NA,NA,NA
"488",1,"sp|P39003|HXT6_YEAST","2","17",17,"2714.4683833979","-19.0762276263","8","-11.2478943568"
"488",1,"sp|P39924|HXT13_YEAST","4","5",5,NA,NA,NA,NA
"488",1,"sp|P32465|HXT1_YEAST","3","4",4,NA,NA,NA,NA
"489",1,"sp|P39935|IF4F1_YEAST","1","18",18,"3006.4587924487","-19.6688317762","14","-11.1805390890"
"489",1,"sp|P39936|IF4F2_YEAST","1","2",2,NA,NA,NA,NA
"490",1,"sp|P40054|SERA_YEAST","1","19",19,"1698.3942397623","-19.4713519267","9","-10.7965953588"
"490",1,"sp|P40510|SER33_YEAST","1","6",6,NA,NA,NA,NA
"491",1,"sp|P47771|ALDH2_YEAST","1","14",14,"386.5041184194","-21.7165170801","2","-13.0760698224"
"491",1,"sp|P54114|ALDH3_YEAST","1","11",11,NA,NA,NA,NA
"492",1,"sp|P50095|IMDH3_YEAST","1","10",10,"372.3110423429","-21.8181660231","1","-14.1237433840"
"492",1,"sp|P50094|IMDH4_YEAST","1","7",7,"182.4556654066","-22.8498843454","1","-14.1264992493"
"492",1,"sp|P38697|IMDH2_YEAST","1","6",6,NA,NA,NA,NA
"493",1,"sp|Q00955|ACAC_YEAST","1","59",59,"10011.7032032876","-19.1632312103","45","-10.7259906872"
"493",1,"sp|P32874|HFA1_YEAST","1","5",5,NA,NA,NA,NA
"494",1,"sp|Q01939|PRS8_YEAST","1","4",4,"209.3825586857","-22.2796441177","1","-13.7548543455"
"494",1,"sp|P33298|PRS6B_YEAST","2","3",3,NA,NA,NA,NA
"495",1,"sp|Q03558|OYE2_YEAST","1","68",68,"11610.6514558876","-16.4685583705","53","-8.0090119829"
"495",1,"sp|P41816|OYE3_YEAST","1","8",8,NA,NA,NA,NA
"496",1,"sp|Q06151|DCPS_YEAST","1","19",19,"3913.3394877862","-17.8448900378","16","-9.5442873596"
"496",1,"sp|Q12123|DCS2_YEAST","1","2",2,NA,NA,NA,NA
"497",1,"sp|Q12213|RL7B_YEAST","1","26",26,"137.3986775905","-22.1563765111","1","-13.0238135853"
"497",1,"sp|P05737|RL7A_YEAST","1","25",25,NA,NA,NA,NA
"498",1,"sp|Q12447|PAA1_YEAST","1","18",18,"2010.4126912653","-17.9320163418","10","-9.3485769809"
"498",1,"sp|P35995|YKW2_YEAST","1","8",8,NA,NA,NA,NA
"499",0.9999,"sp|P07143|CY1_YEAST","1","2",2,"402.2261935501","-20.9474632852","2","-12.3645392756"
"500",0.9999,"sp|P10659|METK1_YEAST","1","4",4,"606.1919403248","-20.6616614497","4","-11.6705050758"
"501",0.9999,"sp|P11076|ARF1_YEAST","1","9",9,"181.2491841850","-21.3258786780","1","-12.5929221348"
"502",0.9999,"sp|P15646|FBRL_YEAST","1","5",5,"593.7041198116","-20.4674099937","3","-11.8612605725"
"503",0.9999,"sp|P20459|IF2A_YEAST","1","7",7,"914.5893894474","-19.7388106239","3","-11.7560412605"
"504",0.9999,"sp|P28777|AROC_YEAST","1","3",3,"470.8544226945","-21.0033150633","2","-12.6476650994"
"505",0.9999,"sp|P32771|FADH_YEAST","1","2",2,"309.7416100966","-21.6453991247","2","-12.6855332850"
"506",0.9999,"sp|P36046|MIA40_YEAST","1","2",2,"295.7208579756","-21.7744073168","2","-12.7477122763"
"507",0.9999,"sp|P36060|MCR1_YEAST","1","6",6,"443.2940627053","-20.7741479919","3","-11.7465184863"
"508",0.9999,"sp|P39990|SNU13_YEAST","1","4",4,"1357.9050344968","-17.8979765332","4","-10.0703561712"
"509",0.9998,"sp|P12081ups|SYHC_HUMAN_UPS","1","9",9,"171.0212538703","-22.9182602856","1","-14.1015048698"
"510",0.9998,"sp|P12612|TCPA_YEAST","1","4",4,"303.4066879362","-22.2094588783","2","-13.2197807206"
"511",0.9998,"sp|P16387|ODPA_YEAST","1","3",3,"463.9899687853","-21.1841591947","3","-12.2223592647"
"512",0.9998,"sp|P21965|MCK1_YEAST","1","4",4,"456.3666918652","-21.0445605781","3","-12.0588605324"
"513",0.9998,"sp|P38071|ETR1_YEAST","1","5",5,"598.3842959378","-20.6727905873","3","-12.0779693553"
"514",0.9998,"sp|P38116|ARL1_YEAST","1","3",3,"471.2597403153","-19.9631846934","3","-11.0238135853"
"515",0.9998,"sp|P40037|HMF1_YEAST","1","8",8,"957.4756647201","-18.4359987280","6","-9.5193410024"
"516",0.9998,"sp|P41807|VATH_YEAST","1","4",4,"673.2440087248","-20.8337446143","4","-11.9939430557"
"517",0.9998,"sp|P49435|APT1_YEAST","1","4",4,"680.6740977348","-19.4639375416","4","-10.6399707076"
"518",0.9998,"sp|Q12464|RUVB2_YEAST","1","4",4,"149.8591303161","-22.9799835579","1","-13.9726594973"
"519",0.9997,"sp|P05744|RL33A_YEAST","1","6",6,"500.2667293340","-19.1027767709","2","-10.8345432341"
"520",0.9997,"sp|P30822|XPO1_YEAST","1","3",3,"323.7711399513","-23.0711819402","2","-14.1752252891"
"521",0.9997,"sp|P32379|PSA5_YEAST","1","8",8,"544.6661527497","-20.2610028890","3","-11.5304815600"
"522",0.9997,"sp|P38817|GGA2_YEAST","1","2",2,"300.4236625918","-22.2893016570","2","-13.2853690622"
"523",0.9997,"sp|P41056|RL33B_YEAST","1","8",8,"903.9395332835","-18.2492480083","4","-9.8345432341"
"524",0.9997,"sp|P41057|RS29A_YEAST","1","4",4,"139.6748912662","-20.0092895173","1","-10.9004311698"
"525",0.9997,"sp|P53152|MMS2_YEAST","1","7",7,"1536.9356102169","-17.8400545558","6","-9.6061458300"
"526",0.9997,"sp|Q06830ups|PRDX1_HUMAN_UPS","1","8",8,"800.5345154104","-19.3124003059","6","-10.1374703671"
"527",0.9997,"sp|Q12159|YRA1_YEAST","1","10",10,"795.4676283845","-19.5123830337","4","-10.9132552101"
"528",0.9996,"sp|P07244|PUR2_YEAST","1","4",4,"175.3683071583","-23.5210776737","1","-14.7405346742"
"529",0.9996,"sp|P16550|APA1_YEAST","1","2",2,"570.9670866974","-20.4970291955","2","-12.4195057349"
"530",0.9996,"sp|P38873|KOG1_YEAST","1","4",4,"642.2792349596","-22.6053598670","2","-14.6976294768"
"531",0.9996,"sp|Q06252|YL179_YEAST","1","4",4,"801.7192725169","-19.3319618280","4","-10.7441279389"
"532",0.9995,"sp|P32602|SEC17_YEAST","1","3",3,"591.1561497879","-20.3102925927","3","-11.6979383059"
"533",0.9995,"sp|Q08412|CUE5_YEAST","1","6",6,"473.3854513491","-21.1239865080","3","-12.1911083307"
"534",0.9994,"sp|P17076|RL8A_YEAST","1","5",5,"1407.6843390878","-18.8687553390","5","-10.7711481528"
"535",0.9993,"sp|P33442|RS3A1_YEAST","1","4",4,"820.9972464950","-19.6409833458","4","-11.0874296846"
"536",0.9993,"sp|Q12044|RCN2_YEAST","1","7",7,"877.3728403294","-19.6006657944","7","-10.3355698751"
"537",0.999,"sp|P16083ups|NQO2_HUMAN_UPS","1","2",2,"230.2652061542","-21.3262009118","1","-12.9385662987"
"538",0.999,"sp|P36047|SDS22_YEAST","1","3",3,"398.8333994791","-21.0891004984","2","-12.4939556840"
"539",0.999,"sp|P41810|COPB_YEAST","1","9",9,"420.3668478845","-22.5386543911","2","-14.0193722425"
"540",0.999,"sp|Q03102|YMN1_YEAST","1","9",9,"893.2242917494","-20.0367374596","6","-11.0198664008"
"541",0.9989,"sp|P32463|ACPM_YEAST","1","5",5,"635.1163450697","-18.9827706780","4","-10.0588605324"
"542",0.9989,"sp|P36114|YKR18_YEAST","1","3",3,"154.2360824586","-23.5607041641","1","-14.5949134326"
"543",0.9988,"sp|P00128|QCR7_YEAST","1","3",3,"461.1084620904","-19.4675858374","2","-11.0817609345"
"544",0.9988,"sp|Q02725|VTC3_YEAST","1","7",7,"381.6907309759","-22.4572355274","2","-13.7987086351"
"545",0.9987,"sp|P0C0V8|RS21A_YEAST","1","1",1,"301.7868207156","-19.5334209847","1","-11.5360197436"
"546",0.9987,"sp|P16451|ODPX_YEAST","1","6",6,"1420.3666277599","-19.5352959280","5","-11.4506282524"
"547",0.9987,"sp|P36136|SHB17_YEAST","1","4",4,"310.7755435038","-21.1302833585","2","-12.1752252891"
"548",0.9986,"sp|P12688|YPK1_YEAST","2","13",13,"663.6970374782","-21.3628733940","5","-12.1805390890"
"549",0.9986,"sp|P46990|RL17B_YEAST","1","10",10,"1103.3996495123","-18.7436857263","8","-9.6166382038"
"550",0.9985,"sp|P43590|YFH6_YEAST","1","3",3,"207.9411833030","-22.6912268576","1","-14.1564713290"
"551",0.9984,"sp|P00175|CYB2_YEAST","1","8",8,"1992.6110368450","-19.5744333981","5","-11.9781624730"
"552",0.9983,"sp|P13517|CAPZB_YEAST","1","5",5,"709.9770919025","-20.0211417437","4","-11.2579831744"
"553",0.9983,"sp|P47160|ENT3_YEAST","1","2",2,"131.6072756352","-22.9601933867","1","-13.7655015897"
"554",0.9982,"sp|P32626|ENOPH_YEAST","1","3",3,"280.9175225320","-21.0204091628","1","-12.9196247350"
"555",0.9982,"sp|Q06408|ARO10_YEAST","1","5",5,"293.7051638330","-22.4402514432","2","-13.4036890294"
"556",0.9981,"sp|P32381|ARP2_YEAST","1","5",5,"811.1602284648","-20.2750451716","4","-11.7041010450"
"557",0.9981,"sp|P40509|COPE_YEAST","1","6",6,"835.3759456833","-19.8310350558","4","-11.3025296134"
"558",0.9979,"sp|P00498|HIS1_YEAST","1","3",3,"375.0248765307","-20.9913401161","2","-12.3073953685"
"559",0.9979,"sp|P05626|ATPF_YEAST","1","2",2,"211.3910957135","-21.5348300216","1","-13.0238135853"
"560",0.9979,"sp|P35732|DEF1_YEAST","1","2",2,"358.9520186547","-22.3676932875","1","-14.6205532538"
"561",0.9978,"sp|P07275|PUT2_YEAST","1","2",2,"401.9005811725","-21.8445867746","1","-14.2604943936"
"562",0.9978,"sp|P42845|STB1_YEAST","1","2",2,"141.5217202933","-22.8972293199","1","-13.8073217654"
"563",0.9978,"sp|Q04491|SEC13_YEAST","1","4",4,"486.0756553333","-20.6171455334","3","-11.7224328678"
"564",0.9978,"sp|Q06103|RPN7_YEAST","1","6",6,"886.8392745078","-20.2801684672","5","-11.5159819903"
"565",0.9975,"sp|P32588|PUB1_YEAST","1","6",6,"274.8157450157","-22.0489098696","2","-12.9164434878"
"566",0.9971,"sp|P07263|SYH_YEAST","1","4",4,"898.4123265792","-20.6093867111","4","-12.1858333887"
"567",0.9971,"sp|P36135|UTH1_YEAST","1","1",1,"164.4749086591","-22.4778924346","1","-13.6048289015"
"568",0.9971,"sp|P37898|AAP1_YEAST","1","1",1,"199.3264896366","-23.4303408279","1","-14.8345432341"
"569",0.9971,"sp|P39926|SSO2_YEAST","1","2",2,"284.0961022654","-21.3821993984","1","-13.2976473920"
"570",0.9971,"sp|P40106|GPP2_YEAST","1","2",2,"122.5739655864","-22.3561389904","1","-13.0588605324"
"571",0.9971,"sp|P52490|UBC13_YEAST","1","3",3,"1151.5069278977","-18.4159439493","3","-10.7655015897"
"572",0.997,"sp|P09064|IF2B_YEAST","1","3",3,"165.8395952083","-22.1090369013","1","-13.2478943568"
"573",0.997,"sp|Q12680|GLT1_YEAST","1","5",5,"125.6403564549","-25.4214692836","1","-16.1598381801"
"574",0.9968,"sp|P28007|GAR1_YEAST","1","1",1,"190.7821528108","-21.4315611747","1","-12.7725563472"
"575",0.9968,"sp|P53327|SLH1_YEAST","1","1",1,"220.1009203327","-24.4876233569","1","-16.0348574900"
"576",0.9966,"sp|P23180|AIM17_YEAST","1","5",5,"268.5981441940","-22.1196448615","2","-12.9541631537"
"577",0.9966,"sp|P38760|MIP6_YEAST","1","3",3,"343.5888192568","-22.2674588570","2","-13.4572109027"
"578",0.9965,"sp|P17695|GLRX2_YEAST","1","6",6,"726.5197430381","-18.9828766258","5","-9.9310194896"
"579",0.9964,"sp|P40550|PDR11_YEAST","1","4",4,"354.3176843879","-23.3214660912","1","-15.5555785203"
"579",0.9964,"sp|Q08409|AUS1_YEAST","1","1",1,NA,NA,NA,NA
"580",0.996,"sp|P19146|ARF2_YEAST","1","4",4,"433.5686452792","-20.0675927515","3","-11.0079596341"
"581",0.9955,"sp|P07278|KAPR_YEAST","1","7",7,"427.1785346286","-21.2896078559","3","-12.2085534652"
"582",0.9951,"sp|P38689|KPR3_YEAST","1","2",2,"303.6935568754","-21.4033190865","2","-12.4150043426"
"583",0.9927,"sp|P63165ups|SUMO1_HUMAN_UPS","1","5",5,"250.9719266954","-21.7487987195","2","-12.4853936705"
"584",0.9922,"sp|P0CX80|MTCU1_YEAST","2","2",2,"360.4662809462","-18.7648803180","2","-10.0238135853"
"585",0.9922,"sp|P28274|URA7_YEAST","1","1",1,"194.1990495985","-22.9038906901","1","-14.2704957857"
"586",0.9922,"sp|P40093|YEY6_YEAST","1","5",5,"792.5582675170","-20.0983697251","5","-11.1720275891"
"587",0.9922,"sp|P40414|TPM2_YEAST","1","1",1,"411.7391161294","-19.9731936561","1","-12.4239931258"
"588",0.9893,"sp|P53235|EIF2A_YEAST","1","4",4,"390.3640726776","-22.0456164996","3","-12.8345432341"
"589",0.9889,"sp|Q12389|DBP10_YEAST","1","4",4,"516.6024541281","-22.2735055108","2","-14.0516289632"
"590",0.9887,"sp|A5Z2X5|YP010_YEAST","1","1",1,"234.4062547116","-19.6249212278","1","-11.2630012492"
"591",0.9887,"sp|O43137|YB085_YEAST","1","4",4,"765.4005480581","-18.1571832945","4","-9.5024671839"
"592",0.9887,"sp|O76070ups|SYUG_HUMAN_UPS","1","2",2,"433.5036085508","-19.7676356345","2","-11.2927485926"
"593",0.9887,"sp|P00424|COX5A_YEAST","2","2",2,"344.6408972681","-20.1563012241","2","-11.3504640904"
"594",0.9887,"sp|P02144ups|MYG_HUMAN_UPS","1","4",4,"1297.4182753467","-18.2438233744","4","-10.3504640904"
"595",0.9887,"sp|P02787ups|TRFE_HUMAN_UPS","1","1",1,"118.1178281933","-23.8510483213","1","-14.5003440120"
"596",0.9887,"sp|P05413ups|FABPH_HUMAN_UPS","1","4",4,"526.1754792774","-19.3328573939","4","-10.1374703671"
"597",0.9887,"sp|P0CT04|IPB2_YEAST","1","2",2,"715.5120866277","-18.0738498453","2","-10.3218949382"
"598",0.9887,"sp|P10622|RLA3_YEAST","1","4",4,"851.0636527038","-18.3226607091","4","-9.8209967023"
"599",0.9887,"sp|P11491|PPB_YEAST","1","4",4,"1033.1395479896","-20.4597023056","4","-12.2377344906"
"600",0.9887,"sp|P11632|NHP6A_YEAST","1","2",2,"372.7350567086","-19.3250155888","2","-10.6322350588"
"601",0.9887,"sp|P11633|NHP6B_YEAST","1","3",3,"528.5383923833","-18.9113556415","3","-10.1374703671"
"602",0.9887,"sp|P14743|NMT_YEAST","1","1",1,"137.0124262900","-23.0594232837","1","-13.9227989828"
"603",0.9887,"sp|P17891|CLC1_YEAST","1","3",3,"687.8807506989","-19.7660349525","3","-11.3722998917"
"604",0.9887,"sp|P18544|ARGD_YEAST","1","2",2,"395.4745853213","-21.4249361608","2","-12.8175901009"
"605",0.9887,"sp|P18898|PGTB1_YEAST","1","2",2,"322.1327523594","-21.5509407921","1","-13.6476650994"
"606",0.9887,"sp|P21306|ATP5E_YEAST","1","3",3,"515.4822274980","-18.2722809148","3","-9.4623100574"
"607",0.9887,"sp|P21734|UBC1_YEAST","1","2",2,"181.8847845305","-21.5691752818","1","-12.8412690973"
"608",0.9887,"sp|P22336|RFA1_YEAST","1","1",1,"193.4954584287","-23.0101570456","1","-14.3715257060"
"609",0.9887,"sp|P23638|PSA3_YEAST","1","2",2,"450.4749419091","-20.5237876908","2","-12.1043035032"
"610",0.9887,"sp|P23776|EXG1_YEAST","1","4",4,"541.9991506410","-21.0530716237","4","-11.9004311698"
"611",0.9887,"sp|P25451|PSB3_YEAST","1","1",1,"262.3086573708","-20.9722219681","1","-12.7725563472"
"612",0.9887,"sp|P32496|RPN12_YEAST","1","3",3,"612.5072483948","-20.1673124583","3","-11.6061458300"
"613",0.9887,"sp|P32642|GLRX4_YEAST","2","11",11,"1341.9165269913","-18.8685216026","11","-9.5643819667"
"614",0.9887,"sp|P33204|ARPC4_YEAST","1","3",3,"534.6661698871","-19.6832214118","3","-10.9259662619"
"615",0.9887,"sp|P33303|SFC1_YEAST","1","4",4,"926.6031933588","-19.8029725162","3","-11.8390306251"
"616",0.9887,"sp|P36022|DYHC_YEAST","1","1",1,"291.9479285369","-25.1368866474","1","-17.0916666775"
"617",0.9887,"sp|P38066|RIB1_YEAST","1","1",1,"264.9068579651","-21.7089746511","1","-13.5235287994"
"618",0.9887,"sp|P38075|PDX3_YEAST","1","1",1,"216.0942061941","-21.4052369146","1","-12.9259662619"
"619",0.9887,"sp|P38182|ATG8_YEAST","1","4",4,"855.7390133213","-18.4572011471","4","-9.9634409673"
"620",0.9887,"sp|P38227|QDR3_YEAST","1","1",1,"222.5034809531","-22.9585395586","1","-14.5214364204"
"621",0.9887,"sp|P38260|FES1_YEAST","1","1",1,"148.8762559070","-22.2898027038","1","-13.2729853377"
"622",0.9887,"sp|P38295|MCFS2_YEAST","1","1",1,"193.3974852282","-22.5494218803","1","-13.9100598710"
"623",0.9887,"sp|P38427|TSL1_YEAST","1","2",2,"150.4259473272","-24.1956161891","1","-15.1937385867"
"624",0.9887,"sp|P38555|YPT31_YEAST","2","3",3,"461.5466362588","-20.2784307622","3","-11.3090136469"
"625",0.9887,"sp|P38840|ARO9_YEAST","1","4",4,"653.9758432902","-20.9775849619","4","-12.0958912633"
"626",0.9887,"sp|P38892|CRG1_YEAST","1","2",2,"754.1062272263","-19.9541148722","2","-12.2779515906"
"627",0.9887,"sp|P40363|SFGH_YEAST","1","1",1,"223.1582235358","-21.7499419947","1","-13.3170779219"
"628",0.9887,"sp|P40472|SIM1_YEAST","2","6",6,"915.4548497121","-20.3843363217","6","-11.4029315103"
"629",0.9887,"sp|P41818|GLC8_YEAST","1","1",1,"421.0428027307","-20.4492441770","1","-12.9322800358"
"630",0.9887,"sp|P41920|YRB1_YEAST","1","2",2,"774.8515920537","-19.3811389673","2","-11.7441279389"
"631",0.9887,"sp|P46992|YJR1_YEAST","1","1",1,"201.3116741496","-22.3039330753","1","-13.7224328678"
"632",0.9887,"sp|P47089|DENR_YEAST","1","2",2,"430.7987272454","-20.2063499249","2","-11.7224328678"
"633",0.9887,"sp|P49573|CTR1_YEAST","1","1",1,"243.6933104499","-22.0642765610","1","-13.7584121649"
"634",0.9887,"sp|P50263|SIP18_YEAST","1","1",1,"189.4141975894","-20.0662435681","1","-11.3968569959"
"635",0.9887,"sp|P52553|PFD6_YEAST","1","1",1,"217.6968503248","-20.3945767720","1","-11.9259662619"
"636",0.9887,"sp|P52893|ALAM_YEAST","1","1",1,"472.9132952840","-21.6518849563","1","-14.3025296134"
"637",0.9887,"sp|P53163|MNP1_YEAST","1","3",3,"492.4577861871","-19.9839200735","3","-11.1080265892"
"638",0.9887,"sp|P53250|TWF1_YEAST","1","1",1,"196.9906258734","-22.0809197455","1","-13.4681156791"
"639",0.9887,"sp|P53281|LSB1_YEAST","1","1",1,"224.1381780540","-21.4325082208","1","-13.0059655840"
"640",0.9887,"sp|P53315|SOL4_YEAST","1","1",1,"180.1693916655","-21.8290067916","1","-13.0874296846"
"641",0.9887,"sp|P53860|PDR16_YEAST","1","1",1,"214.8235070449","-22.0361826440","1","-13.5484034680"
"642",0.9887,"sp|P55957ups|BID_HUMAN_UPS","1","3",3,"847.0549635232","-19.2088820203","3","-11.1154440608"
"643",0.9887,"sp|Q01519|COX12_YEAST","1","1",1,"194.5095269155","-20.0992059048","1","-11.4681156791"
"644",0.9887,"sp|Q03964|YD17A_YEAST","5","2",2,"363.6408386356","-21.6028527756","2","-12.8744359613"
"645",0.9887,"sp|Q04178|HPRT_YEAST","1","2",2,"347.7091710750","-20.6740287321","2","-11.8809788071"
"646",0.9887,"sp|Q04371|ARMT1_YEAST","1","1",1,"173.6341958744","-22.7644731359","1","-13.9695931943"
"647",0.9887,"sp|Q07451|YET3_YEAST","1","5",5,"787.0155811813","-19.3729510114","5","-10.4364840700"
"648",0.9887,"sp|Q07505|DLHH_YEAST","1","1",1,"345.5255543622","-20.9879720200","1","-13.1858333887"
"649",0.9887,"sp|Q12165|ATPD_YEAST","1","2",2,"913.2726282967","-18.8148897924","2","-11.4150043426"
"650",0.9887,"sp|Q12189|RPIA_YEAST","1","2",2,"321.3377352141","-21.0111441390","1","-13.1043035032"
"651",0.9887,"sp|Q12349|ATP14_YEAST","1","2",2,"347.4651274862","-19.8413354104","2","-11.0472725581"
"652",0.9887,"sp|Q12513|TMA17_YEAST","1","6",6,"861.3662375087","-18.8061992067","5","-9.9999668433"
"653",0.9887,"sp|Q99383|HRP1_YEAST","1","2",2,"300.3079614950","-22.1582605013","1","-14.1537721794"
"654",0.9876,"sp|P08067|UCRI_YEAST","1","1",1,"181.6140770053","-21.5713241110","1","-12.8412690973"
"655",0.9876,"sp|P18411|FUN14_YEAST","1","4",4,"791.6168281571","-19.3285616310","2","-11.7224328678"
"656",0.9876,"sp|P25293|NAP1_YEAST","1","2",2,"385.5091492047","-21.4411457661","2","-12.7969798212"
"657",0.9876,"sp|P36035|JEN1_YEAST","1","1",1,"377.6584227708","-22.0337118700","1","-14.3598627884"
"658",0.9876,"sp|P37838|NOP4_YEAST","1","2",2,"215.3700782820","-22.9971496424","1","-14.5130364256"
"659",0.9876,"sp|P40016|RPN3_YEAST","1","1",1,"184.7941475308","-22.8287553616","1","-14.1237433840"
"660",0.9876,"sp|P40086|COX15_YEAST","1","1",1,"132.2608687527","-23.2054335130","1","-14.0178887513"
"661",0.9876,"sp|P40518|ARPC5_YEAST","1","3",3,"446.6458947153","-19.7916623314","3","-10.7749002877"
"662",0.9876,"sp|P43555|EMP47_YEAST","1","2",2,"230.6919234392","-22.2757013223","2","-12.8907377736"
"663",0.9876,"sp|P47052|SDHX_YEAST","2","5",5,"1092.6591920659","-20.5425747430","5","-12.0794871830"
"664",0.9876,"sp|P48606|TBCA_YEAST","1","1",1,"180.1668366259","-20.5625942688","1","-11.8209967023"
"665",0.9876,"sp|P48836|VATG_YEAST","1","1",1,"187.9828267856","-20.6062964364","1","-11.9259662619"
"666",0.9876,"sp|P53040|TAF6_YEAST","1","1",1,"328.8483157921","-21.9778122663","1","-14.1043035032"
"667",0.9876,"sp|P53150|LIF1_YEAST","1","2",2,"209.4975047608","-22.3347506548","1","-13.8107526708"
"668",0.9876,"sp|Q3E7Z5|YI002_YEAST","1","1",1,"128.0935481683","-20.4353339375","1","-11.2016007045"
"669",0.9871,"sp|P07246|ADH3_YEAST","1","2",2,"138.4951667558","-22.7649184482","1","-13.6438230331"
"670",0.9871,"sp|P14065|GCY1_YEAST","1","1",1,"141.6216938042","-22.4673672349","1","-13.3784784666"
"671",0.9866,"sp|P05453|ERF3_YEAST","1","3",3,"128.2841543584","-23.7446244903","1","-14.5130364256"
"672",0.9865,"sp|P00729|CBPY_YEAST","1","4",4,"494.4942700743","-21.4333359240","4","-12.1483586832"
"673",0.9865,"sp|P15274|AMPD_YEAST","1","1",1,"120.9423237879","-24.0714661858","1","-14.7548543455"
"674",0.9865,"sp|P25623|SYP1_YEAST","1","4",4,"458.8023653809","-22.2510060539","3","-13.2729853377"
"675",0.9865,"sp|P32453|ATP11_YEAST","1","1",1,"153.8262175485","-22.3755888360","1","-13.4059592030"
"676",0.9865,"sp|P49954|NIT3_YEAST","1","1",1,"198.4225904318","-21.8803063493","1","-13.2779515906"
"677",0.9865,"sp|Q05775|EIF3J_YEAST","1","4",4,"646.2292311216","-20.0418098318","4","-11.1429247972"
"678",0.9865,"sp|Q12271|INP53_YEAST","1","4",4,"693.4206839289","-22.0027159281","2","-14.2055157545"
"679",0.986,"sp|P32608|RTG2_YEAST","1","2",2,"167.9645546642","-23.1355228221","1","-14.2927485926"
"680",0.9854,"sp|P00410|COX2_YEAST","1","2",2,"625.4705485532","-20.0106088923","2","-12.0646198017"
"681",0.9854,"sp|P21304|PWP1_YEAST","1","1",1,"162.4344759792","-23.1540744234","1","-14.2630012492"
"682",0.9854,"sp|P23724|PSB6_YEAST","1","4",4,"411.4666896860","-20.5561209867","3","-11.4210030832"
"683",0.9854,"sp|P38205|NCL1_YEAST","1","1",1,"192.1151747635","-23.1598883284","1","-14.5109287626"
"684",0.9854,"sp|P38264|PHO88_YEAST","1","1",1,"175.5850130742","-21.4264264341","1","-12.6476650994"
"685",0.9854,"sp|P80235|CACM_YEAST","1","1",1,"164.4535928068","-23.3904930542","1","-14.5172425366"
"686",0.9854,"sp|Q12091|DAP1_YEAST","1","3",3,"735.0431672954","-19.0541058274","2","-11.3410037612"
"687",0.9843,"sp|P30656|PSB5_YEAST","1","2",2,"343.4973584371","-21.0686152146","2","-12.2579831744"
"688",0.9843,"sp|P46969|RPE_YEAST","1","2",2,"256.5466433697","-21.2196039061","2","-11.9878940110"
"689",0.9843,"sp|P47122|GPN1_YEAST","1","1",1,"143.4243777765","-22.7524316689","1","-13.6817908833"
"690",0.9832,"sp|P05747|RL29_YEAST","1","3",3,"239.1788286334","-19.3085606495","3","-9.3907567964"
"691",0.9832,"sp|P23337|GYS1_YEAST","2","6",6,"732.4064128756","-21.2789684192","6","-11.9757192971"
"692",0.9832,"sp|P47130|CSN12_YEAST","1","1",1,"258.9496887489","-22.0358493211","1","-13.8175901009"
"693",0.9824,"sp|P38009|PUR92_YEAST","1","1",1,"146.6820562586","-23.3407682623","1","-14.3025296134"
"694",0.9821,"sp|P01112ups|RASH_HUMAN_UPS","1","2",2,"318.1506193270","-20.5765397866","2","-11.6553186720"
"695",0.9821,"sp|P01127ups|PDGFB_HUMAN_UPS","1","1",1,"202.7673758801","-20.4323660676","1","-11.8612605725"
"696",0.9821,"sp|P38197|PLPHP_YEAST","1","2",2,"287.3194022616","-21.1669764223","2","-12.0987007969"
"697",0.9821,"sp|P52867|PMT5_YEAST","1","2",2,"294.9126082964","-22.6609381902","1","-14.6302946483"
"698",0.981,"sp|P22353|RM08_YEAST","1","7",7,"718.3444148304","-19.7341493364","6","-10.4029315103"
"699",0.981,"sp|P32468|CDC12_YEAST","1","1",1,"115.5870640549","-23.1439123292","1","-13.7619612320"
"700",0.9808,"sp|P05743|RL26A_YEAST","1","2",2,"281.3697793936","-20.1802245954","2","-11.0817609345"
"701",0.9799,"sp|P00724|INV2_YEAST","1","3",3,"408.7238156205","-21.7081634188","3","-12.5633961825"
"702",0.9799,"sp|P25039|EFGM_YEAST","1","5",5,"914.8959992320","-21.0621521815","5","-12.3429007964"
"703",0.9799,"sp|P38777|FSH1_YEAST","1","2",2,"251.0915785994","-21.2806061534","1","-13.0178887513"
"704",0.9799,"sp|P39526|LAA1_YEAST","1","3",3,"495.1372225376","-23.3520268507","2","-15.0689242157"
"705",0.9799,"sp|P47054|NU192_YEAST","1","1",1,"253.2634288918","-24.0601879861","1","-15.8098957091"
"706",0.9799,"sp|P53114|MED5_YEAST","1","1",1,"119.0111654726","-24.5775686036","1","-15.2377344906"
"707",0.9797,"sp|P43603|LSB3_YEAST","1","9",9,"323.8112493554","-21.8312045294","2","-12.9354265911"
"707",0.9797,"sp|P32793|YSC84_YEAST","1","0",0,NA,NA,NA,NA
"708",0.9791,"sp|P40215|NDH1_YEAST","1","8",8,"532.0768191250","-21.4016557580","4","-12.2223592647"
"709",0.9787,"sp|P16649|TUP1_YEAST","1","1",1,"161.3404737998","-23.4716571611","1","-14.5708345142"
"710",0.9782,"sp|P15303|SEC23_YEAST","1","1",1,"161.9059555580","-23.5738137383","1","-14.6780387485"
"711",0.9777,"sp|P0CW40|MALX2_YEAST","5","1",1,"160.4493045023","-23.2040135802","1","-14.2952000716"
"712",0.9777,"sp|P41058|RS29B_YEAST","1","1",1,"144.1747766651","-19.9635434269","1","-10.9004311698"
"713",0.9766,"sp|P09211ups|GSTP1_HUMAN_UPS","1","1",1,"376.2029075322","-20.4798554255","1","-12.8004353798"
"714",0.9766,"sp|P15559ups|NQO1_HUMAN_UPS","1","4",4,"337.9958262652","-21.0197590018","3","-11.6008708879"
"715",0.9766,"sp|Q04952|FKS3_YEAST","1","2",2,"146.6753568904","-24.9330891489","1","-15.8947846067"
"716",0.9744,"sp|P20049|TYR1_YEAST","1","2",2,"149.9330999316","-22.9198673403","1","-13.9132552101"
"717",0.9744,"sp|P33892|GCN1_YEAST","1","1",1,"144.4943171331","-25.5366988313","1","-16.4767805402"
"718",0.9733,"sp|P14747|PP2B2_YEAST","1","2",2,"321.4050683544","-22.2380193521","2","-13.3314809871"
"719",0.9733,"sp|Q04413|API2_YEAST","1","2",2,"212.7816993140","-20.3628175427","1","-11.8612605725"
"720",0.9723,"sp|Q2V2P9|YD19A_YEAST","1","2",2,"299.5888573691","-19.1454174452","2","-10.1374703671"
"721",0.9701,"sp|P38281|APD1_YEAST","1","5",5,"663.7744706381","-20.2570948974","5","-11.0749289010"
"722",0.9701,"sp|P40580|BZRD_YEAST","1","1",1,"122.4468225466","-22.4307709448","1","-13.1319952370"
"723",0.9701,"sp|Q12164|POM33_YEAST","1","4",4,"630.1739627517","-20.1523784573","4","-11.2171975596"
"724",0.9669,"sp|P38314|SDS24_YEAST","1","1",1,"126.7085653344","-23.3841523920","1","-14.1347353994"
"725",0.9658,"sp|Q12240|YD215_YEAST","1","7",7,"828.3551352816","-18.7317899578","2","-11.1911083307"
"726",0.9648,"sp|P35201|CENPC_YEAST","1","1",1,"112.9777570290","-23.6086308675","1","-14.1937385867"
"727",0.9648,"sp|P53834|HCH1_YEAST","1","2",2,"160.2574054117","-21.2610041105","1","-12.3504640904"
"728",0.9637,"sp|P14284|DPOZ_YEAST","1","5",5,"550.7221630682","-22.7772714751","2","-14.6476650994"
"729",0.9626,"sp|P39517|DHH1_YEAST","1","1",1,"140.8001199838","-23.1733523037","1","-14.0760698224"
"730",0.9626,"sp|Q12320|GLO4_YEAST","1","1",1,"126.9316051690","-22.4947740656","1","-13.2478943568"
"731",0.9624,"sp|Q05785|ENT2_YEAST","1","1",1,"126.8416281448","-23.6007222549","1","-14.3528195114"
"732",0.9619,"sp|P34223|UBX1_YEAST","1","1",1,"137.2066533632","-22.9521707038","1","-13.8175901009"
"733",0.9616,"sp|P36013|MAOM_YEAST","1","1",1,"174.7079872890","-23.2649241262","1","-14.4789386484"
"734",0.9616,"sp|Q04489|ASND1_YEAST","1","1",1,"302.1698652822","-22.1248211140","1","-14.1292498603"
"735",0.9616,"sp|Q06405|ATPK_YEAST","1","11",11,"537.2644304113","-18.9165864476","3","-10.1663252298"
"736",0.9605,"sp|P38961|RRP8_YEAST","1","1",1,"332.5952778915","-21.5649494508","1","-13.7077860918"
"737",0.9605,"sp|P43585|VTC2_YEAST","1","1",1,"166.8947632325","-23.6385555629","1","-14.7865632052"
"738",0.9605,"sp|P48015|GCST_YEAST","1","1",1,"129.3922651939","-22.9561121036","1","-13.7369324375"
"739",0.9605,"sp|Q07532|IWR1_YEAST","1","1",1,"316.1342476855","-21.4869943309","1","-13.5566006210"
"740",0.9591,"sp|P39079|TCPZ_YEAST","1","1",1,"307.0251151606","-22.1584077581","1","-14.1858333887"
"741",0.9563,"sp|P38144|ISW1_YEAST","1","1",1,"278.9747856623","-23.3447023291","1","-15.2339060185"
"742",0.9559,"sp|P25659|FUB1_YEAST","1","1",1,"221.4879402757","-21.5025634290","1","-13.0588605324"
"743",0.9508,"sp|P19812|UBR1_YEAST","1","1",1,"205.0208737711","-24.5774948989","1","-16.0223346564"
"744",0.949,"sp|P35191|MDJ1_YEAST","1","1",1,"373.7283166742","-21.7791968953","1","-14.0902557287"
"745",0.948,"sp|P11986|INO1_YEAST","1","4",4,"296.7902638928","-22.1725552496","2","-13.1510679705"
"746",0.9469,"sp|Q05359|ERP1_YEAST","1","2",2,"327.0753761048","-20.7491712019","2","-11.8678633073"
"747",0.9459,"sp|P38773|DOG2_YEAST","2","4",4,"541.3949200928","-20.1898404469","4","-11.0355907531"
"748",0.9452,"sp|Q06440|CORO_YEAST","1","3",3,"233.9643322322","-22.8042324173","2","-13.4395899809"
"749",0.9438,"sp|P53131|PRP43_YEAST","1","3",3,"139.3123442478","-23.7887669614","1","-14.6761590152"
"750",0.9435,"sp|P43123|UAP1_YEAST","1","2",2,"344.4677637074","-21.7974837707","2","-12.9909217037"
"751",0.9408,"sp|P53241|VHT1_YEAST","1","1",1,"321.7046596036","-22.2101587547","1","-14.3049645423"
"752",0.9403,"sp|Q04175|SXM1_YEAST","1","2",2,"296.9450531254","-22.9964543431","2","-13.9757192971"
"753",0.9388,"sp|P35179|SC61G_YEAST","1","1",1,"141.5593684629","-20.5045281567","1","-11.4150043426"
"754",0.9386,"sp|P35844|KES1_YEAST","1","8",8,NA,NA,NA,NA
"755",0.9367,"sp|P36528|RM17_YEAST","1","1",1,"86.2091196398","-23.0325212145","1","-13.2275025680"
"756",0.9357,"sp|P33748|MSN2_YEAST","1","1",1,"322.9538848919","-22.4521107362","1","-14.5525078664"
"757",0.9347,"sp|P40513|MAM33_YEAST","1","1",1,"153.3591635715","-22.1223753543","1","-13.1483586832"
"758",0.9337,"sp|P32340|NDI1_YEAST","1","1",1,"180.9219632982","-22.8314547513","1","-14.0958912633"
"759",0.9317,"sp|Q12522|IF6_YEAST","1","3",3,"1059.9786975905","-19.2146818653","3","-11.4447516860"
"760",0.9307,"sp|P35723|YET1_YEAST","1","3",3,"139.8027541686","-21.8871150369","1","-12.7795767749"
"761",0.9277,"sp|P40355|YJ31_YEAST","1","2",2,"310.5789707401","-22.9178696988","1","-14.9618988025"
"762",0.9277,"sp|P53870|YNT3_YEAST","1","6",6,"350.3953245977","-21.9991450794","3","-12.6322350588"
"763",0.9248,"sp|P0CX33|RS30A_YEAST","2","1",1,"141.2985056733","-20.1625410076","1","-11.0703561712"
"764",0.9212,"sp|Q99297|ODC2_YEAST","1","3",3,"830.2981289027","-19.8924726906","3","-11.7702085924"
"765",0.9189,"sp|P47044|YJF5_YEAST","1","1",1,"173.1268923150","-21.8288153912","1","-13.0297141867"
"766",0.9189,"sp|P53733|RT19_YEAST","1","2",2,"254.4020734599","-19.8446915035","2","-10.6008708879"
"767",0.9153,"sp|P41813|FKH2_YEAST","1","1",1,"310.3014872292","-22.8018807400","1","-14.8446203068"
"768",0.9132,"sp|Q03868|SPO71_YEAST","1","3",3,"226.4069710999","-23.7870189397","1","-15.3750062747"
"769",0.9121,"sp|P06780|RHO1_YEAST","1","6",6,"900.7919932505","-19.2201724205","6","-10.2154728791"
"770",0.9102,"sp|Q03648|YM59_YEAST","1","1",1,"315.4790536790","-21.8625134272","1","-13.9291266028"
"771",0.9073,"sp|Q12109|SYWC_YEAST","1","3",3,"306.1583952367","-21.8246165505","2","-12.8479637499"
"772",0.9054,"sp|P38755|OSH7_YEAST","2","1",1,"128.3297948437","-23.0956405963","1","-13.8645657172"
"773",0.8973,"sp|P27692|SPT5_YEAST","1","1",1,"127.0922422052","-24.3920572040","1","-15.1470021293"
"774",0.896,"sp|P30402|PYRX_YEAST","1","1",1,"146.4972579344","-21.9596821185","1","-12.9196247350"
"775",0.8911,"sp|P32565|RPN2_YEAST","1","4",4,"124.8693050302","-24.2477589296","1","-14.9772467668"
"776",0.8906,"sp|Q08971|YP225_YEAST","1","2",2,"137.4123148175","-21.4153205478","1","-12.2829008066"
"777",0.8877,"sp|P00709ups|LALBA_HUMAN_UPS","1","3",3,"243.3454101657","-20.3435162341","2","-11.0355907531"
"778",0.8849,"sp|Q08685|CLP1_YEAST","1","2",2,"83.4610408780","-23.7424940000","1","-13.8907377736"
"779",0.884,"sp|Q08438|VHS3_YEAST","1","2",2,"189.9759579313","-23.1547952212","1","-14.4896810289"
"780",0.8838,"sp|P32337|IMB3_YEAST","1","3",3,"159.5546248195","-24.0987451042","1","-15.1818644865"
"781",0.8829,"sp|P26570|PPZ1_YEAST","2","2",2,"131.2071552739","-23.7267891218","1","-14.5277044754"
"782",0.8795,"sp|P32445|RIM1_YEAST","1","4",4,"241.4371893260","-20.4891749734","1","-12.1698918448"
"783",0.8768,"sp|P0CX27|RL44A_YEAST","2","7",7,"124.8463574832","-21.0917740172","1","-11.8209967023"
"784",0.875,"sp|P38330|RMD9L_YEAST","1","1",1,"313.0087600430","-22.5515318545","1","-14.6068038437"
"785",0.8662,"sp|P01375ups|TNFA_HUMAN_UPS","1","1",1,"119.2933949661","-21.7241138752","1","-12.3876969966"
"786",0.8596,"sp|P19657|PMA2_YEAST","1","1",1,NA,NA,NA,NA
"787",0.8585,"sp|Q08204|SMC5_YEAST","1","4",4,"679.5449037458","-22.0135160919","2","-14.1871539334"
"788",0.8532,"sp|P24521|ERG8_YEAST","1","3",3,"269.1472803446","-22.0725950682","1","-13.9100598710"
"789",0.8489,"sp|P04051|RPC1_YEAST","1","2",2,"293.1803115343","-23.6439717233","1","-15.6048289015"
"790",0.8487,"sp|Q07657|SHS1_YEAST","1","1",1,"131.8560146556","-23.3909524193","1","-14.1989847563"
"791",0.8424,"sp|P40989|FKS2_YEAST","1","3",3,NA,NA,NA,NA
"792",0.834,"sp|P53309|AP18B_YEAST","1","6",6,NA,NA,NA,NA
"793",0.834,"sp|Q12355|PST1_YEAST","1","1",1,NA,NA,NA,NA
"794",0.8331,"sp|Q02792|XRN2_YEAST","1","2",2,NA,NA,NA,NA
"795",0.8315,"sp|P02381|RMAR_YEAST","1","1",1,NA,NA,NA,NA
"796",0.8299,"sp|Q12150|CSF1_YEAST","1","2",2,NA,NA,NA,NA
